date,vol_title,vol_num,page_num,session,year,image_url
1948-07-01,AU NBAC N193-191,191,1,M,1948,https://cloudstor.aarnet.edu.au/plus/s/i02k4gxeEpMAUkm/download?path=AU%20NBAC%20N193-191&files=N193-191_0001.jpg
1948-07-01,AU NBAC N193-191,191,2,M,1948,https://cloudstor.aarnet.edu.au/plus/s/i02k4gxeEpMAUkm/download?path=AU%20NBAC%20N193-191&files=N193-191_0002.jpg
1948-07-01,AU NBAC N193-191,191,3,M,1948,https://cloudstor.aarnet.edu.au/plus/s/i02k4gxeEpMAUkm/download?path=AU%20NBAC%20N193-191&files=N193-191_0003.jpg
1948-07-01,AU NBAC N193-191,191,4,A,1948,https://cloudstor.aarnet.edu.au/plus/s/i02k4gxeEpMAUkm/download?path=AU%20NBAC%20N193-191&files=N193-191_0004.jpg
1948-07-01,AU NBAC N193-191,191,5,A,1948,https://cloudstor.aarnet.edu.au/plus/s/i02k4gxeEpMAUkm/download?path=AU%20NBAC%20N193-191&files=N193-191_0005.jpg
1948-07-01,AU NBAC N193-191,191,6,A,1948,https://cloudstor.aarnet.edu.au/plus/s/i02k4gxeEpMAUkm/download?path=AU%20NBAC%20N193-191&files=N193-191_0006.jpg
1948-07-02,AU NBAC N193-191,191,7,M,1948,https://cloudstor.aarnet.edu.au/plus/s/i02k4gxeEpMAUkm/download?path=AU%20NBAC%20N193-191&files=N193-191_0007.jpg
1948-07-02,AU NBAC N193-191,191,8,M,1948,https://cloudstor.aarnet.edu.au/plus/s/i02k4gxeEpMAUkm/download?path=AU%20NBAC%20N193-191&files=N193-191_0008.jpg
1948-07-02,AU NBAC N193-191,191,9,M,1948,https://cloudstor.aarnet.edu.au/plus/s/i02k4gxeEpMAUkm/download?path=AU%20NBAC%20N193-191&files=N193-191_0009.jpg
1948-07-02,AU NBAC N193-191,191,10,A,1948,https://cloudstor.aarnet.edu.au/plus/s/i02k4gxeEpMAUkm/download?path=AU%20NBAC%20N193-191&files=N193-191_0010.jpg
1948-07-02,AU NBAC N193-191,191,11,A,1948,https://cloudstor.aarnet.edu.au/plus/s/i02k4gxeEpMAUkm/download?path=AU%20NBAC%20N193-191&files=N193-191_0011.jpg
1948-07-02,AU NBAC N193-191,191,12,A,1948,https://cloudstor.aarnet.edu.au/plus/s/i02k4gxeEpMAUkm/download?path=AU%20NBAC%20N193-191&files=N193-191_0012.jpg
1948-07-05,AU NBAC N193-191,191,13,M,1948,https://cloudstor.aarnet.edu.au/plus/s/i02k4gxeEpMAUkm/download?path=AU%20NBAC%20N193-191&files=N193-191_0013.jpg
1948-07-05,AU NBAC N193-191,191,14,M,1948,https://cloudstor.aarnet.edu.au/plus/s/i02k4gxeEpMAUkm/download?path=AU%20NBAC%20N193-191&files=N193-191_0014.jpg
1948-07-05,AU NBAC N193-191,191,15,M,1948,https://cloudstor.aarnet.edu.au/plus/s/i02k4gxeEpMAUkm/download?path=AU%20NBAC%20N193-191&files=N193-191_0015.jpg
1948-07-05,AU NBAC N193-191,191,16,A,1948,https://cloudstor.aarnet.edu.au/plus/s/i02k4gxeEpMAUkm/download?path=AU%20NBAC%20N193-191&files=N193-191_0016.jpg
1948-07-05,AU NBAC N193-191,191,17,A,1948,https://cloudstor.aarnet.edu.au/plus/s/i02k4gxeEpMAUkm/download?path=AU%20NBAC%20N193-191&files=N193-191_0017.jpg
1948-07-05,AU NBAC N193-191,191,18,A,1948,https://cloudstor.aarnet.edu.au/plus/s/i02k4gxeEpMAUkm/download?path=AU%20NBAC%20N193-191&files=N193-191_0018.jpg
1948-07-06,AU NBAC N193-191,191,19,M,1948,https://cloudstor.aarnet.edu.au/plus/s/i02k4gxeEpMAUkm/download?path=AU%20NBAC%20N193-191&files=N193-191_0019.jpg
1948-07-06,AU NBAC N193-191,191,20,M,1948,https://cloudstor.aarnet.edu.au/plus/s/i02k4gxeEpMAUkm/download?path=AU%20NBAC%20N193-191&files=N193-191_0020.jpg
1948-07-06,AU NBAC N193-191,191,21,M,1948,https://cloudstor.aarnet.edu.au/plus/s/i02k4gxeEpMAUkm/download?path=AU%20NBAC%20N193-191&files=N193-191_0021.jpg
1948-07-06,AU NBAC N193-191,191,22,A,1948,https://cloudstor.aarnet.edu.au/plus/s/i02k4gxeEpMAUkm/download?path=AU%20NBAC%20N193-191&files=N193-191_0022.jpg
1948-07-06,AU NBAC N193-191,191,23,A,1948,https://cloudstor.aarnet.edu.au/plus/s/i02k4gxeEpMAUkm/download?path=AU%20NBAC%20N193-191&files=N193-191_0023.jpg
1948-07-06,AU NBAC N193-191,191,24,A,1948,https://cloudstor.aarnet.edu.au/plus/s/i02k4gxeEpMAUkm/download?path=AU%20NBAC%20N193-191&files=N193-191_0024.jpg
1948-07-07,AU NBAC N193-191,191,25,M,1948,https://cloudstor.aarnet.edu.au/plus/s/i02k4gxeEpMAUkm/download?path=AU%20NBAC%20N193-191&files=N193-191_0025.jpg
1948-07-07,AU NBAC N193-191,191,26,M,1948,https://cloudstor.aarnet.edu.au/plus/s/i02k4gxeEpMAUkm/download?path=AU%20NBAC%20N193-191&files=N193-191_0026.jpg
1948-07-07,AU NBAC N193-191,191,27,M,1948,https://cloudstor.aarnet.edu.au/plus/s/i02k4gxeEpMAUkm/download?path=AU%20NBAC%20N193-191&files=N193-191_0027.jpg
1948-07-07,AU NBAC N193-191,191,28,A,1948,https://cloudstor.aarnet.edu.au/plus/s/i02k4gxeEpMAUkm/download?path=AU%20NBAC%20N193-191&files=N193-191_0028.jpg
1948-07-07,AU NBAC N193-191,191,29,A,1948,https://cloudstor.aarnet.edu.au/plus/s/i02k4gxeEpMAUkm/download?path=AU%20NBAC%20N193-191&files=N193-191_0029.jpg
1948-07-07,AU NBAC N193-191,191,30,A,1948,https://cloudstor.aarnet.edu.au/plus/s/i02k4gxeEpMAUkm/download?path=AU%20NBAC%20N193-191&files=N193-191_0030.jpg
1948-07-08,AU NBAC N193-191,191,31,M,1948,https://cloudstor.aarnet.edu.au/plus/s/i02k4gxeEpMAUkm/download?path=AU%20NBAC%20N193-191&files=N193-191_0031.jpg
1948-07-08,AU NBAC N193-191,191,32,M,1948,https://cloudstor.aarnet.edu.au/plus/s/i02k4gxeEpMAUkm/download?path=AU%20NBAC%20N193-191&files=N193-191_0032.jpg
1948-07-08,AU NBAC N193-191,191,33,M,1948,https://cloudstor.aarnet.edu.au/plus/s/i02k4gxeEpMAUkm/download?path=AU%20NBAC%20N193-191&files=N193-191_0033.jpg
1948-07-08,AU NBAC N193-191,191,34,A,1948,https://cloudstor.aarnet.edu.au/plus/s/i02k4gxeEpMAUkm/download?path=AU%20NBAC%20N193-191&files=N193-191_0034.jpg
1948-07-08,AU NBAC N193-191,191,35,A,1948,https://cloudstor.aarnet.edu.au/plus/s/i02k4gxeEpMAUkm/download?path=AU%20NBAC%20N193-191&files=N193-191_0035.jpg
1948-07-08,AU NBAC N193-191,191,36,A,1948,https://cloudstor.aarnet.edu.au/plus/s/i02k4gxeEpMAUkm/download?path=AU%20NBAC%20N193-191&files=N193-191_0036.jpg
1948-07-09,AU NBAC N193-191,191,37,M,1948,https://cloudstor.aarnet.edu.au/plus/s/i02k4gxeEpMAUkm/download?path=AU%20NBAC%20N193-191&files=N193-191_0037.jpg
1948-07-09,AU NBAC N193-191,191,38,M,1948,https://cloudstor.aarnet.edu.au/plus/s/i02k4gxeEpMAUkm/download?path=AU%20NBAC%20N193-191&files=N193-191_0038.jpg
1948-07-09,AU NBAC N193-191,191,39,M,1948,https://cloudstor.aarnet.edu.au/plus/s/i02k4gxeEpMAUkm/download?path=AU%20NBAC%20N193-191&files=N193-191_0039.jpg
1948-07-09,AU NBAC N193-191,191,40,A,1948,https://cloudstor.aarnet.edu.au/plus/s/i02k4gxeEpMAUkm/download?path=AU%20NBAC%20N193-191&files=N193-191_0040.jpg
1948-07-09,AU NBAC N193-191,191,41,A,1948,https://cloudstor.aarnet.edu.au/plus/s/i02k4gxeEpMAUkm/download?path=AU%20NBAC%20N193-191&files=N193-191_0041.jpg
1948-07-09,AU NBAC N193-191,191,42,A,1948,https://cloudstor.aarnet.edu.au/plus/s/i02k4gxeEpMAUkm/download?path=AU%20NBAC%20N193-191&files=N193-191_0042.jpg
1948-07-12,AU NBAC N193-191,191,43,M,1948,https://cloudstor.aarnet.edu.au/plus/s/i02k4gxeEpMAUkm/download?path=AU%20NBAC%20N193-191&files=N193-191_0043.jpg
1948-07-12,AU NBAC N193-191,191,44,M,1948,https://cloudstor.aarnet.edu.au/plus/s/i02k4gxeEpMAUkm/download?path=AU%20NBAC%20N193-191&files=N193-191_0044.jpg
1948-07-12,AU NBAC N193-191,191,45,M,1948,https://cloudstor.aarnet.edu.au/plus/s/i02k4gxeEpMAUkm/download?path=AU%20NBAC%20N193-191&files=N193-191_0045.jpg
1948-07-12,AU NBAC N193-191,191,46,A,1948,https://cloudstor.aarnet.edu.au/plus/s/i02k4gxeEpMAUkm/download?path=AU%20NBAC%20N193-191&files=N193-191_0046.jpg
1948-07-12,AU NBAC N193-191,191,47,A,1948,https://cloudstor.aarnet.edu.au/plus/s/i02k4gxeEpMAUkm/download?path=AU%20NBAC%20N193-191&files=N193-191_0047.jpg
1948-07-12,AU NBAC N193-191,191,48,A,1948,https://cloudstor.aarnet.edu.au/plus/s/i02k4gxeEpMAUkm/download?path=AU%20NBAC%20N193-191&files=N193-191_0048.jpg
1948-07-13,AU NBAC N193-191,191,49,M,1948,https://cloudstor.aarnet.edu.au/plus/s/i02k4gxeEpMAUkm/download?path=AU%20NBAC%20N193-191&files=N193-191_0049.jpg
1948-07-13,AU NBAC N193-191,191,50,M,1948,https://cloudstor.aarnet.edu.au/plus/s/i02k4gxeEpMAUkm/download?path=AU%20NBAC%20N193-191&files=N193-191_0050.jpg
1948-07-13,AU NBAC N193-191,191,51,M,1948,https://cloudstor.aarnet.edu.au/plus/s/i02k4gxeEpMAUkm/download?path=AU%20NBAC%20N193-191&files=N193-191_0051.jpg
1948-07-13,AU NBAC N193-191,191,52,A,1948,https://cloudstor.aarnet.edu.au/plus/s/i02k4gxeEpMAUkm/download?path=AU%20NBAC%20N193-191&files=N193-191_0052.jpg
1948-07-13,AU NBAC N193-191,191,53,A,1948,https://cloudstor.aarnet.edu.au/plus/s/i02k4gxeEpMAUkm/download?path=AU%20NBAC%20N193-191&files=N193-191_0053.jpg
1948-07-13,AU NBAC N193-191,191,54,A,1948,https://cloudstor.aarnet.edu.au/plus/s/i02k4gxeEpMAUkm/download?path=AU%20NBAC%20N193-191&files=N193-191_0054.jpg
1948-07-14,AU NBAC N193-191,191,55,M,1948,https://cloudstor.aarnet.edu.au/plus/s/i02k4gxeEpMAUkm/download?path=AU%20NBAC%20N193-191&files=N193-191_0055.jpg
1948-07-14,AU NBAC N193-191,191,56,M,1948,https://cloudstor.aarnet.edu.au/plus/s/i02k4gxeEpMAUkm/download?path=AU%20NBAC%20N193-191&files=N193-191_0056.jpg
1948-07-14,AU NBAC N193-191,191,57,M,1948,https://cloudstor.aarnet.edu.au/plus/s/i02k4gxeEpMAUkm/download?path=AU%20NBAC%20N193-191&files=N193-191_0057.jpg
1948-07-14,AU NBAC N193-191,191,58,A,1948,https://cloudstor.aarnet.edu.au/plus/s/i02k4gxeEpMAUkm/download?path=AU%20NBAC%20N193-191&files=N193-191_0058.jpg
1948-07-14,AU NBAC N193-191,191,59,A,1948,https://cloudstor.aarnet.edu.au/plus/s/i02k4gxeEpMAUkm/download?path=AU%20NBAC%20N193-191&files=N193-191_0059.jpg
1948-07-14,AU NBAC N193-191,191,60,A,1948,https://cloudstor.aarnet.edu.au/plus/s/i02k4gxeEpMAUkm/download?path=AU%20NBAC%20N193-191&files=N193-191_0060.jpg
1948-07-15,AU NBAC N193-191,191,61,M,1948,https://cloudstor.aarnet.edu.au/plus/s/i02k4gxeEpMAUkm/download?path=AU%20NBAC%20N193-191&files=N193-191_0061.jpg
1948-07-15,AU NBAC N193-191,191,62,M,1948,https://cloudstor.aarnet.edu.au/plus/s/i02k4gxeEpMAUkm/download?path=AU%20NBAC%20N193-191&files=N193-191_0062.jpg
1948-07-15,AU NBAC N193-191,191,63,M,1948,https://cloudstor.aarnet.edu.au/plus/s/i02k4gxeEpMAUkm/download?path=AU%20NBAC%20N193-191&files=N193-191_0063.jpg
1948-07-15,AU NBAC N193-191,191,64,A,1948,https://cloudstor.aarnet.edu.au/plus/s/i02k4gxeEpMAUkm/download?path=AU%20NBAC%20N193-191&files=N193-191_0064.jpg
1948-07-15,AU NBAC N193-191,191,65,A,1948,https://cloudstor.aarnet.edu.au/plus/s/i02k4gxeEpMAUkm/download?path=AU%20NBAC%20N193-191&files=N193-191_0065.jpg
1948-07-15,AU NBAC N193-191,191,66,A,1948,https://cloudstor.aarnet.edu.au/plus/s/i02k4gxeEpMAUkm/download?path=AU%20NBAC%20N193-191&files=N193-191_0066.jpg
1948-07-16,AU NBAC N193-191,191,67,M,1948,https://cloudstor.aarnet.edu.au/plus/s/i02k4gxeEpMAUkm/download?path=AU%20NBAC%20N193-191&files=N193-191_0067.jpg
1948-07-16,AU NBAC N193-191,191,68,M,1948,https://cloudstor.aarnet.edu.au/plus/s/i02k4gxeEpMAUkm/download?path=AU%20NBAC%20N193-191&files=N193-191_0068.jpg
1948-07-16,AU NBAC N193-191,191,69,M,1948,https://cloudstor.aarnet.edu.au/plus/s/i02k4gxeEpMAUkm/download?path=AU%20NBAC%20N193-191&files=N193-191_0069.jpg
1948-07-16,AU NBAC N193-191,191,70,A,1948,https://cloudstor.aarnet.edu.au/plus/s/i02k4gxeEpMAUkm/download?path=AU%20NBAC%20N193-191&files=N193-191_0070.jpg
1948-07-16,AU NBAC N193-191,191,71,A,1948,https://cloudstor.aarnet.edu.au/plus/s/i02k4gxeEpMAUkm/download?path=AU%20NBAC%20N193-191&files=N193-191_0071.jpg
1948-07-16,AU NBAC N193-191,191,72,A,1948,https://cloudstor.aarnet.edu.au/plus/s/i02k4gxeEpMAUkm/download?path=AU%20NBAC%20N193-191&files=N193-191_0072.jpg
1948-07-19,AU NBAC N193-191,191,73,M,1948,https://cloudstor.aarnet.edu.au/plus/s/i02k4gxeEpMAUkm/download?path=AU%20NBAC%20N193-191&files=N193-191_0073.jpg
1948-07-19,AU NBAC N193-191,191,74,M,1948,https://cloudstor.aarnet.edu.au/plus/s/i02k4gxeEpMAUkm/download?path=AU%20NBAC%20N193-191&files=N193-191_0074.jpg
1948-07-19,AU NBAC N193-191,191,75,M,1948,https://cloudstor.aarnet.edu.au/plus/s/i02k4gxeEpMAUkm/download?path=AU%20NBAC%20N193-191&files=N193-191_0075.jpg
1948-07-19,AU NBAC N193-191,191,76,A,1948,https://cloudstor.aarnet.edu.au/plus/s/i02k4gxeEpMAUkm/download?path=AU%20NBAC%20N193-191&files=N193-191_0076.jpg
1948-07-19,AU NBAC N193-191,191,77,A,1948,https://cloudstor.aarnet.edu.au/plus/s/i02k4gxeEpMAUkm/download?path=AU%20NBAC%20N193-191&files=N193-191_0077.jpg
1948-07-19,AU NBAC N193-191,191,78,A,1948,https://cloudstor.aarnet.edu.au/plus/s/i02k4gxeEpMAUkm/download?path=AU%20NBAC%20N193-191&files=N193-191_0078.jpg
1948-07-20,AU NBAC N193-191,191,79,M,1948,https://cloudstor.aarnet.edu.au/plus/s/i02k4gxeEpMAUkm/download?path=AU%20NBAC%20N193-191&files=N193-191_0079.jpg
1948-07-20,AU NBAC N193-191,191,80,M,1948,https://cloudstor.aarnet.edu.au/plus/s/i02k4gxeEpMAUkm/download?path=AU%20NBAC%20N193-191&files=N193-191_0080.jpg
1948-07-20,AU NBAC N193-191,191,81,M,1948,https://cloudstor.aarnet.edu.au/plus/s/i02k4gxeEpMAUkm/download?path=AU%20NBAC%20N193-191&files=N193-191_0081.jpg
1948-07-20,AU NBAC N193-191,191,82,A,1948,https://cloudstor.aarnet.edu.au/plus/s/i02k4gxeEpMAUkm/download?path=AU%20NBAC%20N193-191&files=N193-191_0082.jpg
1948-07-20,AU NBAC N193-191,191,83,A,1948,https://cloudstor.aarnet.edu.au/plus/s/i02k4gxeEpMAUkm/download?path=AU%20NBAC%20N193-191&files=N193-191_0083.jpg
1948-07-20,AU NBAC N193-191,191,84,A,1948,https://cloudstor.aarnet.edu.au/plus/s/i02k4gxeEpMAUkm/download?path=AU%20NBAC%20N193-191&files=N193-191_0084.jpg
1948-07-21,AU NBAC N193-191,191,85,M,1948,https://cloudstor.aarnet.edu.au/plus/s/i02k4gxeEpMAUkm/download?path=AU%20NBAC%20N193-191&files=N193-191_0085.jpg
1948-07-21,AU NBAC N193-191,191,86,M,1948,https://cloudstor.aarnet.edu.au/plus/s/i02k4gxeEpMAUkm/download?path=AU%20NBAC%20N193-191&files=N193-191_0086.jpg
1948-07-21,AU NBAC N193-191,191,87,M,1948,https://cloudstor.aarnet.edu.au/plus/s/i02k4gxeEpMAUkm/download?path=AU%20NBAC%20N193-191&files=N193-191_0087.jpg
1948-07-21,AU NBAC N193-191,191,88,A,1948,https://cloudstor.aarnet.edu.au/plus/s/i02k4gxeEpMAUkm/download?path=AU%20NBAC%20N193-191&files=N193-191_0088.jpg
1948-07-21,AU NBAC N193-191,191,89,A,1948,https://cloudstor.aarnet.edu.au/plus/s/i02k4gxeEpMAUkm/download?path=AU%20NBAC%20N193-191&files=N193-191_0089.jpg
1948-07-21,AU NBAC N193-191,191,90,A,1948,https://cloudstor.aarnet.edu.au/plus/s/i02k4gxeEpMAUkm/download?path=AU%20NBAC%20N193-191&files=N193-191_0090.jpg
1948-07-22,AU NBAC N193-191,191,91,M,1948,https://cloudstor.aarnet.edu.au/plus/s/i02k4gxeEpMAUkm/download?path=AU%20NBAC%20N193-191&files=N193-191_0091.jpg
1948-07-22,AU NBAC N193-191,191,92,M,1948,https://cloudstor.aarnet.edu.au/plus/s/i02k4gxeEpMAUkm/download?path=AU%20NBAC%20N193-191&files=N193-191_0092.jpg
1948-07-22,AU NBAC N193-191,191,93,M,1948,https://cloudstor.aarnet.edu.au/plus/s/i02k4gxeEpMAUkm/download?path=AU%20NBAC%20N193-191&files=N193-191_0093.jpg
1948-07-22,AU NBAC N193-191,191,94,A,1948,https://cloudstor.aarnet.edu.au/plus/s/i02k4gxeEpMAUkm/download?path=AU%20NBAC%20N193-191&files=N193-191_0094.jpg
1948-07-22,AU NBAC N193-191,191,95,A,1948,https://cloudstor.aarnet.edu.au/plus/s/i02k4gxeEpMAUkm/download?path=AU%20NBAC%20N193-191&files=N193-191_0095.jpg
1948-07-22,AU NBAC N193-191,191,96,A,1948,https://cloudstor.aarnet.edu.au/plus/s/i02k4gxeEpMAUkm/download?path=AU%20NBAC%20N193-191&files=N193-191_0096.jpg
1948-07-22,AU NBAC N193-191,191,97,A,1948,https://cloudstor.aarnet.edu.au/plus/s/i02k4gxeEpMAUkm/download?path=AU%20NBAC%20N193-191&files=N193-191_0097.jpg
1948-07-23,AU NBAC N193-191,191,98,M,1948,https://cloudstor.aarnet.edu.au/plus/s/i02k4gxeEpMAUkm/download?path=AU%20NBAC%20N193-191&files=N193-191_0098.jpg
1948-07-23,AU NBAC N193-191,191,99,M,1948,https://cloudstor.aarnet.edu.au/plus/s/i02k4gxeEpMAUkm/download?path=AU%20NBAC%20N193-191&files=N193-191_0099.jpg
1948-07-23,AU NBAC N193-191,191,100,M,1948,https://cloudstor.aarnet.edu.au/plus/s/i02k4gxeEpMAUkm/download?path=AU%20NBAC%20N193-191&files=N193-191_0100.jpg
1948-07-23,AU NBAC N193-191,191,101,M,1948,https://cloudstor.aarnet.edu.au/plus/s/i02k4gxeEpMAUkm/download?path=AU%20NBAC%20N193-191&files=N193-191_0101.jpg
1948-07-23,AU NBAC N193-191,191,102,A,1948,https://cloudstor.aarnet.edu.au/plus/s/i02k4gxeEpMAUkm/download?path=AU%20NBAC%20N193-191&files=N193-191_0102.jpg
1948-07-23,AU NBAC N193-191,191,103,A,1948,https://cloudstor.aarnet.edu.au/plus/s/i02k4gxeEpMAUkm/download?path=AU%20NBAC%20N193-191&files=N193-191_0103.jpg
1948-07-23,AU NBAC N193-191,191,104,A,1948,https://cloudstor.aarnet.edu.au/plus/s/i02k4gxeEpMAUkm/download?path=AU%20NBAC%20N193-191&files=N193-191_0104.jpg
1948-07-23,AU NBAC N193-191,191,105,A,1948,https://cloudstor.aarnet.edu.au/plus/s/i02k4gxeEpMAUkm/download?path=AU%20NBAC%20N193-191&files=N193-191_0105.jpg
1948-07-26,AU NBAC N193-191,191,106,M,1948,https://cloudstor.aarnet.edu.au/plus/s/i02k4gxeEpMAUkm/download?path=AU%20NBAC%20N193-191&files=N193-191_0106.jpg
1948-07-26,AU NBAC N193-191,191,107,M,1948,https://cloudstor.aarnet.edu.au/plus/s/i02k4gxeEpMAUkm/download?path=AU%20NBAC%20N193-191&files=N193-191_0107.jpg
1948-07-26,AU NBAC N193-191,191,108,M,1948,https://cloudstor.aarnet.edu.au/plus/s/i02k4gxeEpMAUkm/download?path=AU%20NBAC%20N193-191&files=N193-191_0108.jpg
1948-07-26,AU NBAC N193-191,191,109,M,1948,https://cloudstor.aarnet.edu.au/plus/s/i02k4gxeEpMAUkm/download?path=AU%20NBAC%20N193-191&files=N193-191_0109.jpg
1948-07-26,AU NBAC N193-191,191,110,A,1948,https://cloudstor.aarnet.edu.au/plus/s/i02k4gxeEpMAUkm/download?path=AU%20NBAC%20N193-191&files=N193-191_0110.jpg
1948-07-26,AU NBAC N193-191,191,111,A,1948,https://cloudstor.aarnet.edu.au/plus/s/i02k4gxeEpMAUkm/download?path=AU%20NBAC%20N193-191&files=N193-191_0111.jpg
1948-07-26,AU NBAC N193-191,191,112,A,1948,https://cloudstor.aarnet.edu.au/plus/s/i02k4gxeEpMAUkm/download?path=AU%20NBAC%20N193-191&files=N193-191_0112.jpg
1948-07-26,AU NBAC N193-191,191,113,A,1948,https://cloudstor.aarnet.edu.au/plus/s/i02k4gxeEpMAUkm/download?path=AU%20NBAC%20N193-191&files=N193-191_0113.jpg
1948-07-27,AU NBAC N193-191,191,114,M,1948,https://cloudstor.aarnet.edu.au/plus/s/i02k4gxeEpMAUkm/download?path=AU%20NBAC%20N193-191&files=N193-191_0114.jpg
1948-07-27,AU NBAC N193-191,191,115,M,1948,https://cloudstor.aarnet.edu.au/plus/s/i02k4gxeEpMAUkm/download?path=AU%20NBAC%20N193-191&files=N193-191_0115.jpg
1948-07-27,AU NBAC N193-191,191,116,M,1948,https://cloudstor.aarnet.edu.au/plus/s/i02k4gxeEpMAUkm/download?path=AU%20NBAC%20N193-191&files=N193-191_0116.jpg
1948-07-27,AU NBAC N193-191,191,117,M,1948,https://cloudstor.aarnet.edu.au/plus/s/i02k4gxeEpMAUkm/download?path=AU%20NBAC%20N193-191&files=N193-191_0117.jpg
1948-07-27,AU NBAC N193-191,191,118,A,1948,https://cloudstor.aarnet.edu.au/plus/s/i02k4gxeEpMAUkm/download?path=AU%20NBAC%20N193-191&files=N193-191_0118.jpg
1948-07-27,AU NBAC N193-191,191,119,A,1948,https://cloudstor.aarnet.edu.au/plus/s/i02k4gxeEpMAUkm/download?path=AU%20NBAC%20N193-191&files=N193-191_0119.jpg
1948-07-27,AU NBAC N193-191,191,120,A,1948,https://cloudstor.aarnet.edu.au/plus/s/i02k4gxeEpMAUkm/download?path=AU%20NBAC%20N193-191&files=N193-191_0120.jpg
1948-07-27,AU NBAC N193-191,191,121,A,1948,https://cloudstor.aarnet.edu.au/plus/s/i02k4gxeEpMAUkm/download?path=AU%20NBAC%20N193-191&files=N193-191_0121.jpg
1948-07-28,AU NBAC N193-191,191,122,M,1948,https://cloudstor.aarnet.edu.au/plus/s/i02k4gxeEpMAUkm/download?path=AU%20NBAC%20N193-191&files=N193-191_0122.jpg
1948-07-28,AU NBAC N193-191,191,123,M,1948,https://cloudstor.aarnet.edu.au/plus/s/i02k4gxeEpMAUkm/download?path=AU%20NBAC%20N193-191&files=N193-191_0123.jpg
1948-07-28,AU NBAC N193-191,191,124,M,1948,https://cloudstor.aarnet.edu.au/plus/s/i02k4gxeEpMAUkm/download?path=AU%20NBAC%20N193-191&files=N193-191_0124.jpg
1948-07-28,AU NBAC N193-191,191,125,M,1948,https://cloudstor.aarnet.edu.au/plus/s/i02k4gxeEpMAUkm/download?path=AU%20NBAC%20N193-191&files=N193-191_0125.jpg
1948-07-28,AU NBAC N193-191,191,126,A,1948,https://cloudstor.aarnet.edu.au/plus/s/i02k4gxeEpMAUkm/download?path=AU%20NBAC%20N193-191&files=N193-191_0126.jpg
1948-07-28,AU NBAC N193-191,191,127,A,1948,https://cloudstor.aarnet.edu.au/plus/s/i02k4gxeEpMAUkm/download?path=AU%20NBAC%20N193-191&files=N193-191_0127.jpg
1948-07-28,AU NBAC N193-191,191,128,A,1948,https://cloudstor.aarnet.edu.au/plus/s/i02k4gxeEpMAUkm/download?path=AU%20NBAC%20N193-191&files=N193-191_0128.jpg
1948-07-28,AU NBAC N193-191,191,129,A,1948,https://cloudstor.aarnet.edu.au/plus/s/i02k4gxeEpMAUkm/download?path=AU%20NBAC%20N193-191&files=N193-191_0129.jpg
1948-07-29,AU NBAC N193-191,191,130,M,1948,https://cloudstor.aarnet.edu.au/plus/s/i02k4gxeEpMAUkm/download?path=AU%20NBAC%20N193-191&files=N193-191_0130.jpg
1948-07-29,AU NBAC N193-191,191,131,M,1948,https://cloudstor.aarnet.edu.au/plus/s/i02k4gxeEpMAUkm/download?path=AU%20NBAC%20N193-191&files=N193-191_0131.jpg
1948-07-29,AU NBAC N193-191,191,132,M,1948,https://cloudstor.aarnet.edu.au/plus/s/i02k4gxeEpMAUkm/download?path=AU%20NBAC%20N193-191&files=N193-191_0132.jpg
1948-07-29,AU NBAC N193-191,191,133,M,1948,https://cloudstor.aarnet.edu.au/plus/s/i02k4gxeEpMAUkm/download?path=AU%20NBAC%20N193-191&files=N193-191_0133.jpg
1948-07-29,AU NBAC N193-191,191,134,A,1948,https://cloudstor.aarnet.edu.au/plus/s/i02k4gxeEpMAUkm/download?path=AU%20NBAC%20N193-191&files=N193-191_0134.jpg
1948-07-29,AU NBAC N193-191,191,135,A,1948,https://cloudstor.aarnet.edu.au/plus/s/i02k4gxeEpMAUkm/download?path=AU%20NBAC%20N193-191&files=N193-191_0135.jpg
1948-07-29,AU NBAC N193-191,191,136,A,1948,https://cloudstor.aarnet.edu.au/plus/s/i02k4gxeEpMAUkm/download?path=AU%20NBAC%20N193-191&files=N193-191_0136.jpg
1948-07-29,AU NBAC N193-191,191,137,A,1948,https://cloudstor.aarnet.edu.au/plus/s/i02k4gxeEpMAUkm/download?path=AU%20NBAC%20N193-191&files=N193-191_0137.jpg
1948-07-30,AU NBAC N193-191,191,138,M,1948,https://cloudstor.aarnet.edu.au/plus/s/i02k4gxeEpMAUkm/download?path=AU%20NBAC%20N193-191&files=N193-191_0138.jpg
1948-07-30,AU NBAC N193-191,191,139,M,1948,https://cloudstor.aarnet.edu.au/plus/s/i02k4gxeEpMAUkm/download?path=AU%20NBAC%20N193-191&files=N193-191_0139.jpg
1948-07-30,AU NBAC N193-191,191,140,M,1948,https://cloudstor.aarnet.edu.au/plus/s/i02k4gxeEpMAUkm/download?path=AU%20NBAC%20N193-191&files=N193-191_0140.jpg
1948-07-30,AU NBAC N193-191,191,141,M,1948,https://cloudstor.aarnet.edu.au/plus/s/i02k4gxeEpMAUkm/download?path=AU%20NBAC%20N193-191&files=N193-191_0141.jpg
1948-07-30,AU NBAC N193-191,191,142,A,1948,https://cloudstor.aarnet.edu.au/plus/s/i02k4gxeEpMAUkm/download?path=AU%20NBAC%20N193-191&files=N193-191_0142.jpg
1948-07-30,AU NBAC N193-191,191,143,A,1948,https://cloudstor.aarnet.edu.au/plus/s/i02k4gxeEpMAUkm/download?path=AU%20NBAC%20N193-191&files=N193-191_0143.jpg
1948-07-30,AU NBAC N193-191,191,144,A,1948,https://cloudstor.aarnet.edu.au/plus/s/i02k4gxeEpMAUkm/download?path=AU%20NBAC%20N193-191&files=N193-191_0144.jpg
1948-07-30,AU NBAC N193-191,191,145,A,1948,https://cloudstor.aarnet.edu.au/plus/s/i02k4gxeEpMAUkm/download?path=AU%20NBAC%20N193-191&files=N193-191_0145.jpg
1948-08-03,AU NBAC N193-191,191,146,M,1948,https://cloudstor.aarnet.edu.au/plus/s/i02k4gxeEpMAUkm/download?path=AU%20NBAC%20N193-191&files=N193-191_0146.jpg
1948-08-03,AU NBAC N193-191,191,147,M,1948,https://cloudstor.aarnet.edu.au/plus/s/i02k4gxeEpMAUkm/download?path=AU%20NBAC%20N193-191&files=N193-191_0147.jpg
1948-08-03,AU NBAC N193-191,191,148,M,1948,https://cloudstor.aarnet.edu.au/plus/s/i02k4gxeEpMAUkm/download?path=AU%20NBAC%20N193-191&files=N193-191_0148.jpg
1948-08-03,AU NBAC N193-191,191,149,M,1948,https://cloudstor.aarnet.edu.au/plus/s/i02k4gxeEpMAUkm/download?path=AU%20NBAC%20N193-191&files=N193-191_0149.jpg
1948-08-03,AU NBAC N193-191,191,150,A,1948,https://cloudstor.aarnet.edu.au/plus/s/i02k4gxeEpMAUkm/download?path=AU%20NBAC%20N193-191&files=N193-191_0150.jpg
1948-08-03,AU NBAC N193-191,191,151,A,1948,https://cloudstor.aarnet.edu.au/plus/s/i02k4gxeEpMAUkm/download?path=AU%20NBAC%20N193-191&files=N193-191_0151.jpg
1948-08-03,AU NBAC N193-191,191,152,A,1948,https://cloudstor.aarnet.edu.au/plus/s/i02k4gxeEpMAUkm/download?path=AU%20NBAC%20N193-191&files=N193-191_0152.jpg
1948-08-03,AU NBAC N193-191,191,153,A,1948,https://cloudstor.aarnet.edu.au/plus/s/i02k4gxeEpMAUkm/download?path=AU%20NBAC%20N193-191&files=N193-191_0153.jpg
1948-08-04,AU NBAC N193-191,191,154,M,1948,https://cloudstor.aarnet.edu.au/plus/s/i02k4gxeEpMAUkm/download?path=AU%20NBAC%20N193-191&files=N193-191_0154.jpg
1948-08-04,AU NBAC N193-191,191,155,M,1948,https://cloudstor.aarnet.edu.au/plus/s/i02k4gxeEpMAUkm/download?path=AU%20NBAC%20N193-191&files=N193-191_0155.jpg
1948-08-04,AU NBAC N193-191,191,156,M,1948,https://cloudstor.aarnet.edu.au/plus/s/i02k4gxeEpMAUkm/download?path=AU%20NBAC%20N193-191&files=N193-191_0156.jpg
1948-08-04,AU NBAC N193-191,191,157,M,1948,https://cloudstor.aarnet.edu.au/plus/s/i02k4gxeEpMAUkm/download?path=AU%20NBAC%20N193-191&files=N193-191_0157.jpg
1948-08-04,AU NBAC N193-191,191,158,A,1948,https://cloudstor.aarnet.edu.au/plus/s/i02k4gxeEpMAUkm/download?path=AU%20NBAC%20N193-191&files=N193-191_0158.jpg
1948-08-04,AU NBAC N193-191,191,159,A,1948,https://cloudstor.aarnet.edu.au/plus/s/i02k4gxeEpMAUkm/download?path=AU%20NBAC%20N193-191&files=N193-191_0159.jpg
1948-08-04,AU NBAC N193-191,191,160,A,1948,https://cloudstor.aarnet.edu.au/plus/s/i02k4gxeEpMAUkm/download?path=AU%20NBAC%20N193-191&files=N193-191_0160.jpg
1948-08-04,AU NBAC N193-191,191,161,A,1948,https://cloudstor.aarnet.edu.au/plus/s/i02k4gxeEpMAUkm/download?path=AU%20NBAC%20N193-191&files=N193-191_0161.jpg
1948-08-05,AU NBAC N193-191,191,162,M,1948,https://cloudstor.aarnet.edu.au/plus/s/i02k4gxeEpMAUkm/download?path=AU%20NBAC%20N193-191&files=N193-191_0162.jpg
1948-08-05,AU NBAC N193-191,191,163,M,1948,https://cloudstor.aarnet.edu.au/plus/s/i02k4gxeEpMAUkm/download?path=AU%20NBAC%20N193-191&files=N193-191_0163.jpg
1948-08-05,AU NBAC N193-191,191,164,M,1948,https://cloudstor.aarnet.edu.au/plus/s/i02k4gxeEpMAUkm/download?path=AU%20NBAC%20N193-191&files=N193-191_0164.jpg
1948-08-05,AU NBAC N193-191,191,165,M,1948,https://cloudstor.aarnet.edu.au/plus/s/i02k4gxeEpMAUkm/download?path=AU%20NBAC%20N193-191&files=N193-191_0165.jpg
1948-08-05,AU NBAC N193-191,191,166,A,1948,https://cloudstor.aarnet.edu.au/plus/s/i02k4gxeEpMAUkm/download?path=AU%20NBAC%20N193-191&files=N193-191_0166.jpg
1948-08-05,AU NBAC N193-191,191,167,A,1948,https://cloudstor.aarnet.edu.au/plus/s/i02k4gxeEpMAUkm/download?path=AU%20NBAC%20N193-191&files=N193-191_0167.jpg
1948-08-05,AU NBAC N193-191,191,168,A,1948,https://cloudstor.aarnet.edu.au/plus/s/i02k4gxeEpMAUkm/download?path=AU%20NBAC%20N193-191&files=N193-191_0168.jpg
1948-08-05,AU NBAC N193-191,191,169,A,1948,https://cloudstor.aarnet.edu.au/plus/s/i02k4gxeEpMAUkm/download?path=AU%20NBAC%20N193-191&files=N193-191_0169.jpg
1948-08-06,AU NBAC N193-191,191,170,M,1948,https://cloudstor.aarnet.edu.au/plus/s/i02k4gxeEpMAUkm/download?path=AU%20NBAC%20N193-191&files=N193-191_0170.jpg
1948-08-06,AU NBAC N193-191,191,171,M,1948,https://cloudstor.aarnet.edu.au/plus/s/i02k4gxeEpMAUkm/download?path=AU%20NBAC%20N193-191&files=N193-191_0171.jpg
1948-08-06,AU NBAC N193-191,191,172,M,1948,https://cloudstor.aarnet.edu.au/plus/s/i02k4gxeEpMAUkm/download?path=AU%20NBAC%20N193-191&files=N193-191_0172.jpg
1948-08-06,AU NBAC N193-191,191,173,M,1948,https://cloudstor.aarnet.edu.au/plus/s/i02k4gxeEpMAUkm/download?path=AU%20NBAC%20N193-191&files=N193-191_0173.jpg
1948-08-06,AU NBAC N193-191,191,174,A,1948,https://cloudstor.aarnet.edu.au/plus/s/i02k4gxeEpMAUkm/download?path=AU%20NBAC%20N193-191&files=N193-191_0174.jpg
1948-08-06,AU NBAC N193-191,191,175,A,1948,https://cloudstor.aarnet.edu.au/plus/s/i02k4gxeEpMAUkm/download?path=AU%20NBAC%20N193-191&files=N193-191_0175.jpg
1948-08-06,AU NBAC N193-191,191,176,A,1948,https://cloudstor.aarnet.edu.au/plus/s/i02k4gxeEpMAUkm/download?path=AU%20NBAC%20N193-191&files=N193-191_0176.jpg
1948-08-06,AU NBAC N193-191,191,177,A,1948,https://cloudstor.aarnet.edu.au/plus/s/i02k4gxeEpMAUkm/download?path=AU%20NBAC%20N193-191&files=N193-191_0177.jpg
1948-08-09,AU NBAC N193-191,191,178,M,1948,https://cloudstor.aarnet.edu.au/plus/s/i02k4gxeEpMAUkm/download?path=AU%20NBAC%20N193-191&files=N193-191_0178.jpg
1948-08-09,AU NBAC N193-191,191,179,M,1948,https://cloudstor.aarnet.edu.au/plus/s/i02k4gxeEpMAUkm/download?path=AU%20NBAC%20N193-191&files=N193-191_0179.jpg
1948-08-09,AU NBAC N193-191,191,180,M,1948,https://cloudstor.aarnet.edu.au/plus/s/i02k4gxeEpMAUkm/download?path=AU%20NBAC%20N193-191&files=N193-191_0180.jpg
1948-08-09,AU NBAC N193-191,191,181,M,1948,https://cloudstor.aarnet.edu.au/plus/s/i02k4gxeEpMAUkm/download?path=AU%20NBAC%20N193-191&files=N193-191_0181.jpg
1948-08-09,AU NBAC N193-191,191,182,A,1948,https://cloudstor.aarnet.edu.au/plus/s/i02k4gxeEpMAUkm/download?path=AU%20NBAC%20N193-191&files=N193-191_0182.jpg
1948-08-09,AU NBAC N193-191,191,183,A,1948,https://cloudstor.aarnet.edu.au/plus/s/i02k4gxeEpMAUkm/download?path=AU%20NBAC%20N193-191&files=N193-191_0183.jpg
1948-08-09,AU NBAC N193-191,191,184,A,1948,https://cloudstor.aarnet.edu.au/plus/s/i02k4gxeEpMAUkm/download?path=AU%20NBAC%20N193-191&files=N193-191_0184.jpg
1948-08-09,AU NBAC N193-191,191,185,A,1948,https://cloudstor.aarnet.edu.au/plus/s/i02k4gxeEpMAUkm/download?path=AU%20NBAC%20N193-191&files=N193-191_0185.jpg
1948-08-10,AU NBAC N193-191,191,186,M,1948,https://cloudstor.aarnet.edu.au/plus/s/i02k4gxeEpMAUkm/download?path=AU%20NBAC%20N193-191&files=N193-191_0186.jpg
1948-08-10,AU NBAC N193-191,191,187,M,1948,https://cloudstor.aarnet.edu.au/plus/s/i02k4gxeEpMAUkm/download?path=AU%20NBAC%20N193-191&files=N193-191_0187.jpg
1948-08-10,AU NBAC N193-191,191,188,M,1948,https://cloudstor.aarnet.edu.au/plus/s/i02k4gxeEpMAUkm/download?path=AU%20NBAC%20N193-191&files=N193-191_0188.jpg
1948-08-10,AU NBAC N193-191,191,189,M,1948,https://cloudstor.aarnet.edu.au/plus/s/i02k4gxeEpMAUkm/download?path=AU%20NBAC%20N193-191&files=N193-191_0189.jpg
1948-08-10,AU NBAC N193-191,191,190,A,1948,https://cloudstor.aarnet.edu.au/plus/s/i02k4gxeEpMAUkm/download?path=AU%20NBAC%20N193-191&files=N193-191_0190.jpg
1948-08-10,AU NBAC N193-191,191,191,A,1948,https://cloudstor.aarnet.edu.au/plus/s/i02k4gxeEpMAUkm/download?path=AU%20NBAC%20N193-191&files=N193-191_0191.jpg
1948-08-10,AU NBAC N193-191,191,192,A,1948,https://cloudstor.aarnet.edu.au/plus/s/i02k4gxeEpMAUkm/download?path=AU%20NBAC%20N193-191&files=N193-191_0192.jpg
1948-08-10,AU NBAC N193-191,191,193,A,1948,https://cloudstor.aarnet.edu.au/plus/s/i02k4gxeEpMAUkm/download?path=AU%20NBAC%20N193-191&files=N193-191_0193.jpg
1948-08-11,AU NBAC N193-191,191,194,M,1948,https://cloudstor.aarnet.edu.au/plus/s/i02k4gxeEpMAUkm/download?path=AU%20NBAC%20N193-191&files=N193-191_0194.jpg
1948-08-11,AU NBAC N193-191,191,195,M,1948,https://cloudstor.aarnet.edu.au/plus/s/i02k4gxeEpMAUkm/download?path=AU%20NBAC%20N193-191&files=N193-191_0195.jpg
1948-08-11,AU NBAC N193-191,191,196,M,1948,https://cloudstor.aarnet.edu.au/plus/s/i02k4gxeEpMAUkm/download?path=AU%20NBAC%20N193-191&files=N193-191_0196.jpg
1948-08-11,AU NBAC N193-191,191,197,M,1948,https://cloudstor.aarnet.edu.au/plus/s/i02k4gxeEpMAUkm/download?path=AU%20NBAC%20N193-191&files=N193-191_0197.jpg
1948-08-11,AU NBAC N193-191,191,198,A,1948,https://cloudstor.aarnet.edu.au/plus/s/i02k4gxeEpMAUkm/download?path=AU%20NBAC%20N193-191&files=N193-191_0198.jpg
1948-08-11,AU NBAC N193-191,191,199,A,1948,https://cloudstor.aarnet.edu.au/plus/s/i02k4gxeEpMAUkm/download?path=AU%20NBAC%20N193-191&files=N193-191_0199.jpg
1948-08-11,AU NBAC N193-191,191,200,A,1948,https://cloudstor.aarnet.edu.au/plus/s/i02k4gxeEpMAUkm/download?path=AU%20NBAC%20N193-191&files=N193-191_0200.jpg
1948-08-11,AU NBAC N193-191,191,201,A,1948,https://cloudstor.aarnet.edu.au/plus/s/i02k4gxeEpMAUkm/download?path=AU%20NBAC%20N193-191&files=N193-191_0201.jpg
1948-08-12,AU NBAC N193-191,191,202,M,1948,https://cloudstor.aarnet.edu.au/plus/s/i02k4gxeEpMAUkm/download?path=AU%20NBAC%20N193-191&files=N193-191_0202.jpg
1948-08-12,AU NBAC N193-191,191,203,M,1948,https://cloudstor.aarnet.edu.au/plus/s/i02k4gxeEpMAUkm/download?path=AU%20NBAC%20N193-191&files=N193-191_0203.jpg
1948-08-12,AU NBAC N193-191,191,204,M,1948,https://cloudstor.aarnet.edu.au/plus/s/i02k4gxeEpMAUkm/download?path=AU%20NBAC%20N193-191&files=N193-191_0204.jpg
1948-08-12,AU NBAC N193-191,191,205,M,1948,https://cloudstor.aarnet.edu.au/plus/s/i02k4gxeEpMAUkm/download?path=AU%20NBAC%20N193-191&files=N193-191_0205.jpg
1948-08-12,AU NBAC N193-191,191,206,A,1948,https://cloudstor.aarnet.edu.au/plus/s/i02k4gxeEpMAUkm/download?path=AU%20NBAC%20N193-191&files=N193-191_0206.jpg
1948-08-12,AU NBAC N193-191,191,207,A,1948,https://cloudstor.aarnet.edu.au/plus/s/i02k4gxeEpMAUkm/download?path=AU%20NBAC%20N193-191&files=N193-191_0207.jpg
1948-08-12,AU NBAC N193-191,191,208,A,1948,https://cloudstor.aarnet.edu.au/plus/s/i02k4gxeEpMAUkm/download?path=AU%20NBAC%20N193-191&files=N193-191_0208.jpg
1948-08-12,AU NBAC N193-191,191,209,A,1948,https://cloudstor.aarnet.edu.au/plus/s/i02k4gxeEpMAUkm/download?path=AU%20NBAC%20N193-191&files=N193-191_0209.jpg
1948-08-13,AU NBAC N193-191,191,210,M,1948,https://cloudstor.aarnet.edu.au/plus/s/i02k4gxeEpMAUkm/download?path=AU%20NBAC%20N193-191&files=N193-191_0210.jpg
1948-08-13,AU NBAC N193-191,191,211,M,1948,https://cloudstor.aarnet.edu.au/plus/s/i02k4gxeEpMAUkm/download?path=AU%20NBAC%20N193-191&files=N193-191_0211.jpg
1948-08-13,AU NBAC N193-191,191,212,M,1948,https://cloudstor.aarnet.edu.au/plus/s/i02k4gxeEpMAUkm/download?path=AU%20NBAC%20N193-191&files=N193-191_0212.jpg
1948-08-13,AU NBAC N193-191,191,213,M,1948,https://cloudstor.aarnet.edu.au/plus/s/i02k4gxeEpMAUkm/download?path=AU%20NBAC%20N193-191&files=N193-191_0213.jpg
1948-08-13,AU NBAC N193-191,191,214,A,1948,https://cloudstor.aarnet.edu.au/plus/s/i02k4gxeEpMAUkm/download?path=AU%20NBAC%20N193-191&files=N193-191_0214.jpg
1948-08-13,AU NBAC N193-191,191,215,A,1948,https://cloudstor.aarnet.edu.au/plus/s/i02k4gxeEpMAUkm/download?path=AU%20NBAC%20N193-191&files=N193-191_0215.jpg
1948-08-13,AU NBAC N193-191,191,216,A,1948,https://cloudstor.aarnet.edu.au/plus/s/i02k4gxeEpMAUkm/download?path=AU%20NBAC%20N193-191&files=N193-191_0216.jpg
1948-08-13,AU NBAC N193-191,191,217,A,1948,https://cloudstor.aarnet.edu.au/plus/s/i02k4gxeEpMAUkm/download?path=AU%20NBAC%20N193-191&files=N193-191_0217.jpg
1948-08-16,AU NBAC N193-191,191,218,M,1948,https://cloudstor.aarnet.edu.au/plus/s/i02k4gxeEpMAUkm/download?path=AU%20NBAC%20N193-191&files=N193-191_0218.jpg
1948-08-16,AU NBAC N193-191,191,219,M,1948,https://cloudstor.aarnet.edu.au/plus/s/i02k4gxeEpMAUkm/download?path=AU%20NBAC%20N193-191&files=N193-191_0219.jpg
1948-08-16,AU NBAC N193-191,191,220,M,1948,https://cloudstor.aarnet.edu.au/plus/s/i02k4gxeEpMAUkm/download?path=AU%20NBAC%20N193-191&files=N193-191_0220.jpg
1948-08-16,AU NBAC N193-191,191,221,M,1948,https://cloudstor.aarnet.edu.au/plus/s/i02k4gxeEpMAUkm/download?path=AU%20NBAC%20N193-191&files=N193-191_0221.jpg
1948-08-16,AU NBAC N193-191,191,222,A,1948,https://cloudstor.aarnet.edu.au/plus/s/i02k4gxeEpMAUkm/download?path=AU%20NBAC%20N193-191&files=N193-191_0222.jpg
1948-08-16,AU NBAC N193-191,191,223,A,1948,https://cloudstor.aarnet.edu.au/plus/s/i02k4gxeEpMAUkm/download?path=AU%20NBAC%20N193-191&files=N193-191_0223.jpg
1948-08-16,AU NBAC N193-191,191,224,A,1948,https://cloudstor.aarnet.edu.au/plus/s/i02k4gxeEpMAUkm/download?path=AU%20NBAC%20N193-191&files=N193-191_0224.jpg
1948-08-16,AU NBAC N193-191,191,225,A,1948,https://cloudstor.aarnet.edu.au/plus/s/i02k4gxeEpMAUkm/download?path=AU%20NBAC%20N193-191&files=N193-191_0225.jpg
1948-08-17,AU NBAC N193-191,191,226,M,1948,https://cloudstor.aarnet.edu.au/plus/s/i02k4gxeEpMAUkm/download?path=AU%20NBAC%20N193-191&files=N193-191_0226.jpg
1948-08-17,AU NBAC N193-191,191,227,M,1948,https://cloudstor.aarnet.edu.au/plus/s/i02k4gxeEpMAUkm/download?path=AU%20NBAC%20N193-191&files=N193-191_0227.jpg
1948-08-17,AU NBAC N193-191,191,228,M,1948,https://cloudstor.aarnet.edu.au/plus/s/i02k4gxeEpMAUkm/download?path=AU%20NBAC%20N193-191&files=N193-191_0228.jpg
1948-08-17,AU NBAC N193-191,191,229,M,1948,https://cloudstor.aarnet.edu.au/plus/s/i02k4gxeEpMAUkm/download?path=AU%20NBAC%20N193-191&files=N193-191_0229.jpg
1948-08-17,AU NBAC N193-191,191,230,A,1948,https://cloudstor.aarnet.edu.au/plus/s/i02k4gxeEpMAUkm/download?path=AU%20NBAC%20N193-191&files=N193-191_0230.jpg
1948-08-17,AU NBAC N193-191,191,231,A,1948,https://cloudstor.aarnet.edu.au/plus/s/i02k4gxeEpMAUkm/download?path=AU%20NBAC%20N193-191&files=N193-191_0231.jpg
1948-08-17,AU NBAC N193-191,191,232,A,1948,https://cloudstor.aarnet.edu.au/plus/s/i02k4gxeEpMAUkm/download?path=AU%20NBAC%20N193-191&files=N193-191_0232.jpg
1948-08-17,AU NBAC N193-191,191,233,A,1948,https://cloudstor.aarnet.edu.au/plus/s/i02k4gxeEpMAUkm/download?path=AU%20NBAC%20N193-191&files=N193-191_0233.jpg
1948-08-18,AU NBAC N193-191,191,234,M,1948,https://cloudstor.aarnet.edu.au/plus/s/i02k4gxeEpMAUkm/download?path=AU%20NBAC%20N193-191&files=N193-191_0234.jpg
1948-08-18,AU NBAC N193-191,191,235,M,1948,https://cloudstor.aarnet.edu.au/plus/s/i02k4gxeEpMAUkm/download?path=AU%20NBAC%20N193-191&files=N193-191_0235.jpg
1948-08-18,AU NBAC N193-191,191,236,M,1948,https://cloudstor.aarnet.edu.au/plus/s/i02k4gxeEpMAUkm/download?path=AU%20NBAC%20N193-191&files=N193-191_0236.jpg
1948-08-18,AU NBAC N193-191,191,237,M,1948,https://cloudstor.aarnet.edu.au/plus/s/i02k4gxeEpMAUkm/download?path=AU%20NBAC%20N193-191&files=N193-191_0237.jpg
1948-08-18,AU NBAC N193-191,191,238,A,1948,https://cloudstor.aarnet.edu.au/plus/s/i02k4gxeEpMAUkm/download?path=AU%20NBAC%20N193-191&files=N193-191_0238.jpg
1948-08-18,AU NBAC N193-191,191,239,A,1948,https://cloudstor.aarnet.edu.au/plus/s/i02k4gxeEpMAUkm/download?path=AU%20NBAC%20N193-191&files=N193-191_0239.jpg
1948-08-18,AU NBAC N193-191,191,240,A,1948,https://cloudstor.aarnet.edu.au/plus/s/i02k4gxeEpMAUkm/download?path=AU%20NBAC%20N193-191&files=N193-191_0240.jpg
1948-08-18,AU NBAC N193-191,191,241,A,1948,https://cloudstor.aarnet.edu.au/plus/s/i02k4gxeEpMAUkm/download?path=AU%20NBAC%20N193-191&files=N193-191_0241.jpg
1948-08-19,AU NBAC N193-191,191,242,M,1948,https://cloudstor.aarnet.edu.au/plus/s/i02k4gxeEpMAUkm/download?path=AU%20NBAC%20N193-191&files=N193-191_0242.jpg
1948-08-19,AU NBAC N193-191,191,243,M,1948,https://cloudstor.aarnet.edu.au/plus/s/i02k4gxeEpMAUkm/download?path=AU%20NBAC%20N193-191&files=N193-191_0243.jpg
1948-08-19,AU NBAC N193-191,191,244,M,1948,https://cloudstor.aarnet.edu.au/plus/s/i02k4gxeEpMAUkm/download?path=AU%20NBAC%20N193-191&files=N193-191_0244.jpg
1948-08-19,AU NBAC N193-191,191,245,M,1948,https://cloudstor.aarnet.edu.au/plus/s/i02k4gxeEpMAUkm/download?path=AU%20NBAC%20N193-191&files=N193-191_0245.jpg
1948-08-19,AU NBAC N193-191,191,246,A,1948,https://cloudstor.aarnet.edu.au/plus/s/i02k4gxeEpMAUkm/download?path=AU%20NBAC%20N193-191&files=N193-191_0246.jpg
1948-08-19,AU NBAC N193-191,191,247,A,1948,https://cloudstor.aarnet.edu.au/plus/s/i02k4gxeEpMAUkm/download?path=AU%20NBAC%20N193-191&files=N193-191_0247.jpg
1948-08-19,AU NBAC N193-191,191,248,A,1948,https://cloudstor.aarnet.edu.au/plus/s/i02k4gxeEpMAUkm/download?path=AU%20NBAC%20N193-191&files=N193-191_0248.jpg
1948-08-19,AU NBAC N193-191,191,249,A,1948,https://cloudstor.aarnet.edu.au/plus/s/i02k4gxeEpMAUkm/download?path=AU%20NBAC%20N193-191&files=N193-191_0249.jpg
1948-08-20,AU NBAC N193-191,191,250,M,1948,https://cloudstor.aarnet.edu.au/plus/s/i02k4gxeEpMAUkm/download?path=AU%20NBAC%20N193-191&files=N193-191_0250.jpg
1948-08-20,AU NBAC N193-191,191,251,M,1948,https://cloudstor.aarnet.edu.au/plus/s/i02k4gxeEpMAUkm/download?path=AU%20NBAC%20N193-191&files=N193-191_0251.jpg
1948-08-20,AU NBAC N193-191,191,252,M,1948,https://cloudstor.aarnet.edu.au/plus/s/i02k4gxeEpMAUkm/download?path=AU%20NBAC%20N193-191&files=N193-191_0252.jpg
1948-08-20,AU NBAC N193-191,191,253,M,1948,https://cloudstor.aarnet.edu.au/plus/s/i02k4gxeEpMAUkm/download?path=AU%20NBAC%20N193-191&files=N193-191_0253.jpg
1948-08-20,AU NBAC N193-191,191,254,A,1948,https://cloudstor.aarnet.edu.au/plus/s/i02k4gxeEpMAUkm/download?path=AU%20NBAC%20N193-191&files=N193-191_0254.jpg
1948-08-20,AU NBAC N193-191,191,255,A,1948,https://cloudstor.aarnet.edu.au/plus/s/i02k4gxeEpMAUkm/download?path=AU%20NBAC%20N193-191&files=N193-191_0255.jpg
1948-08-20,AU NBAC N193-191,191,256,A,1948,https://cloudstor.aarnet.edu.au/plus/s/i02k4gxeEpMAUkm/download?path=AU%20NBAC%20N193-191&files=N193-191_0256.jpg
1948-08-20,AU NBAC N193-191,191,257,A,1948,https://cloudstor.aarnet.edu.au/plus/s/i02k4gxeEpMAUkm/download?path=AU%20NBAC%20N193-191&files=N193-191_0257.jpg
1948-08-23,AU NBAC N193-191,191,258,M,1948,https://cloudstor.aarnet.edu.au/plus/s/i02k4gxeEpMAUkm/download?path=AU%20NBAC%20N193-191&files=N193-191_0258.jpg
1948-08-23,AU NBAC N193-191,191,259,M,1948,https://cloudstor.aarnet.edu.au/plus/s/i02k4gxeEpMAUkm/download?path=AU%20NBAC%20N193-191&files=N193-191_0259.jpg
1948-08-23,AU NBAC N193-191,191,260,M,1948,https://cloudstor.aarnet.edu.au/plus/s/i02k4gxeEpMAUkm/download?path=AU%20NBAC%20N193-191&files=N193-191_0260.jpg
1948-08-23,AU NBAC N193-191,191,261,M,1948,https://cloudstor.aarnet.edu.au/plus/s/i02k4gxeEpMAUkm/download?path=AU%20NBAC%20N193-191&files=N193-191_0261.jpg
1948-08-23,AU NBAC N193-191,191,262,A,1948,https://cloudstor.aarnet.edu.au/plus/s/i02k4gxeEpMAUkm/download?path=AU%20NBAC%20N193-191&files=N193-191_0262.jpg
1948-08-23,AU NBAC N193-191,191,263,A,1948,https://cloudstor.aarnet.edu.au/plus/s/i02k4gxeEpMAUkm/download?path=AU%20NBAC%20N193-191&files=N193-191_0263.jpg
1948-08-23,AU NBAC N193-191,191,264,A,1948,https://cloudstor.aarnet.edu.au/plus/s/i02k4gxeEpMAUkm/download?path=AU%20NBAC%20N193-191&files=N193-191_0264.jpg
1948-08-23,AU NBAC N193-191,191,265,A,1948,https://cloudstor.aarnet.edu.au/plus/s/i02k4gxeEpMAUkm/download?path=AU%20NBAC%20N193-191&files=N193-191_0265.jpg
1948-08-24,AU NBAC N193-191,191,266,M,1948,https://cloudstor.aarnet.edu.au/plus/s/i02k4gxeEpMAUkm/download?path=AU%20NBAC%20N193-191&files=N193-191_0266.jpg
1948-08-24,AU NBAC N193-191,191,267,M,1948,https://cloudstor.aarnet.edu.au/plus/s/i02k4gxeEpMAUkm/download?path=AU%20NBAC%20N193-191&files=N193-191_0267.jpg
1948-08-24,AU NBAC N193-191,191,268,M,1948,https://cloudstor.aarnet.edu.au/plus/s/i02k4gxeEpMAUkm/download?path=AU%20NBAC%20N193-191&files=N193-191_0268.jpg
1948-08-24,AU NBAC N193-191,191,269,M,1948,https://cloudstor.aarnet.edu.au/plus/s/i02k4gxeEpMAUkm/download?path=AU%20NBAC%20N193-191&files=N193-191_0269.jpg
1948-08-24,AU NBAC N193-191,191,270,A,1948,https://cloudstor.aarnet.edu.au/plus/s/i02k4gxeEpMAUkm/download?path=AU%20NBAC%20N193-191&files=N193-191_0270.jpg
1948-08-24,AU NBAC N193-191,191,271,A,1948,https://cloudstor.aarnet.edu.au/plus/s/i02k4gxeEpMAUkm/download?path=AU%20NBAC%20N193-191&files=N193-191_0271.jpg
1948-08-24,AU NBAC N193-191,191,272,A,1948,https://cloudstor.aarnet.edu.au/plus/s/i02k4gxeEpMAUkm/download?path=AU%20NBAC%20N193-191&files=N193-191_0272.jpg
1948-08-24,AU NBAC N193-191,191,273,A,1948,https://cloudstor.aarnet.edu.au/plus/s/i02k4gxeEpMAUkm/download?path=AU%20NBAC%20N193-191&files=N193-191_0273.jpg
1948-08-25,AU NBAC N193-191,191,274,M,1948,https://cloudstor.aarnet.edu.au/plus/s/i02k4gxeEpMAUkm/download?path=AU%20NBAC%20N193-191&files=N193-191_0274.jpg
1948-08-25,AU NBAC N193-191,191,275,M,1948,https://cloudstor.aarnet.edu.au/plus/s/i02k4gxeEpMAUkm/download?path=AU%20NBAC%20N193-191&files=N193-191_0275.jpg
1948-08-25,AU NBAC N193-191,191,276,M,1948,https://cloudstor.aarnet.edu.au/plus/s/i02k4gxeEpMAUkm/download?path=AU%20NBAC%20N193-191&files=N193-191_0276.jpg
1948-08-25,AU NBAC N193-191,191,277,M,1948,https://cloudstor.aarnet.edu.au/plus/s/i02k4gxeEpMAUkm/download?path=AU%20NBAC%20N193-191&files=N193-191_0277.jpg
1948-08-25,AU NBAC N193-191,191,278,A,1948,https://cloudstor.aarnet.edu.au/plus/s/i02k4gxeEpMAUkm/download?path=AU%20NBAC%20N193-191&files=N193-191_0278.jpg
1948-08-25,AU NBAC N193-191,191,279,A,1948,https://cloudstor.aarnet.edu.au/plus/s/i02k4gxeEpMAUkm/download?path=AU%20NBAC%20N193-191&files=N193-191_0279.jpg
1948-08-25,AU NBAC N193-191,191,280,A,1948,https://cloudstor.aarnet.edu.au/plus/s/i02k4gxeEpMAUkm/download?path=AU%20NBAC%20N193-191&files=N193-191_0280.jpg
1948-08-25,AU NBAC N193-191,191,281,A,1948,https://cloudstor.aarnet.edu.au/plus/s/i02k4gxeEpMAUkm/download?path=AU%20NBAC%20N193-191&files=N193-191_0281.jpg
1948-08-26,AU NBAC N193-191,191,282,M,1948,https://cloudstor.aarnet.edu.au/plus/s/i02k4gxeEpMAUkm/download?path=AU%20NBAC%20N193-191&files=N193-191_0282.jpg
1948-08-26,AU NBAC N193-191,191,283,M,1948,https://cloudstor.aarnet.edu.au/plus/s/i02k4gxeEpMAUkm/download?path=AU%20NBAC%20N193-191&files=N193-191_0283.jpg
1948-08-26,AU NBAC N193-191,191,284,M,1948,https://cloudstor.aarnet.edu.au/plus/s/i02k4gxeEpMAUkm/download?path=AU%20NBAC%20N193-191&files=N193-191_0284.jpg
1948-08-26,AU NBAC N193-191,191,285,M,1948,https://cloudstor.aarnet.edu.au/plus/s/i02k4gxeEpMAUkm/download?path=AU%20NBAC%20N193-191&files=N193-191_0285.jpg
1948-08-26,AU NBAC N193-191,191,286,A,1948,https://cloudstor.aarnet.edu.au/plus/s/i02k4gxeEpMAUkm/download?path=AU%20NBAC%20N193-191&files=N193-191_0286.jpg
1948-08-26,AU NBAC N193-191,191,287,A,1948,https://cloudstor.aarnet.edu.au/plus/s/i02k4gxeEpMAUkm/download?path=AU%20NBAC%20N193-191&files=N193-191_0287.jpg
1948-08-26,AU NBAC N193-191,191,288,A,1948,https://cloudstor.aarnet.edu.au/plus/s/i02k4gxeEpMAUkm/download?path=AU%20NBAC%20N193-191&files=N193-191_0288.jpg
1948-08-26,AU NBAC N193-191,191,289,A,1948,https://cloudstor.aarnet.edu.au/plus/s/i02k4gxeEpMAUkm/download?path=AU%20NBAC%20N193-191&files=N193-191_0289.jpg
1948-08-27,AU NBAC N193-191,191,290,M,1948,https://cloudstor.aarnet.edu.au/plus/s/i02k4gxeEpMAUkm/download?path=AU%20NBAC%20N193-191&files=N193-191_0290.jpg
1948-08-27,AU NBAC N193-191,191,291,M,1948,https://cloudstor.aarnet.edu.au/plus/s/i02k4gxeEpMAUkm/download?path=AU%20NBAC%20N193-191&files=N193-191_0291.jpg
1948-08-27,AU NBAC N193-191,191,292,M,1948,https://cloudstor.aarnet.edu.au/plus/s/i02k4gxeEpMAUkm/download?path=AU%20NBAC%20N193-191&files=N193-191_0292.jpg
1948-08-27,AU NBAC N193-191,191,293,M,1948,https://cloudstor.aarnet.edu.au/plus/s/i02k4gxeEpMAUkm/download?path=AU%20NBAC%20N193-191&files=N193-191_0293.jpg
1948-08-27,AU NBAC N193-191,191,294,A,1948,https://cloudstor.aarnet.edu.au/plus/s/i02k4gxeEpMAUkm/download?path=AU%20NBAC%20N193-191&files=N193-191_0294.jpg
1948-08-27,AU NBAC N193-191,191,295,A,1948,https://cloudstor.aarnet.edu.au/plus/s/i02k4gxeEpMAUkm/download?path=AU%20NBAC%20N193-191&files=N193-191_0295.jpg
1948-08-27,AU NBAC N193-191,191,296,A,1948,https://cloudstor.aarnet.edu.au/plus/s/i02k4gxeEpMAUkm/download?path=AU%20NBAC%20N193-191&files=N193-191_0296.jpg
1948-08-27,AU NBAC N193-191,191,297,A,1948,https://cloudstor.aarnet.edu.au/plus/s/i02k4gxeEpMAUkm/download?path=AU%20NBAC%20N193-191&files=N193-191_0297.jpg
1948-08-30,AU NBAC N193-191,191,298,M,1948,https://cloudstor.aarnet.edu.au/plus/s/i02k4gxeEpMAUkm/download?path=AU%20NBAC%20N193-191&files=N193-191_0298.jpg
1948-08-30,AU NBAC N193-191,191,299,M,1948,https://cloudstor.aarnet.edu.au/plus/s/i02k4gxeEpMAUkm/download?path=AU%20NBAC%20N193-191&files=N193-191_0299.jpg
1948-08-30,AU NBAC N193-191,191,300,M,1948,https://cloudstor.aarnet.edu.au/plus/s/i02k4gxeEpMAUkm/download?path=AU%20NBAC%20N193-191&files=N193-191_0300.jpg
1948-08-30,AU NBAC N193-191,191,301,M,1948,https://cloudstor.aarnet.edu.au/plus/s/i02k4gxeEpMAUkm/download?path=AU%20NBAC%20N193-191&files=N193-191_0301.jpg
1948-08-30,AU NBAC N193-191,191,302,A,1948,https://cloudstor.aarnet.edu.au/plus/s/i02k4gxeEpMAUkm/download?path=AU%20NBAC%20N193-191&files=N193-191_0302.jpg
1948-08-30,AU NBAC N193-191,191,303,A,1948,https://cloudstor.aarnet.edu.au/plus/s/i02k4gxeEpMAUkm/download?path=AU%20NBAC%20N193-191&files=N193-191_0303.jpg
1948-08-30,AU NBAC N193-191,191,304,A,1948,https://cloudstor.aarnet.edu.au/plus/s/i02k4gxeEpMAUkm/download?path=AU%20NBAC%20N193-191&files=N193-191_0304.jpg
1948-08-30,AU NBAC N193-191,191,305,A,1948,https://cloudstor.aarnet.edu.au/plus/s/i02k4gxeEpMAUkm/download?path=AU%20NBAC%20N193-191&files=N193-191_0305.jpg
1948-08-31,AU NBAC N193-191,191,306,M,1948,https://cloudstor.aarnet.edu.au/plus/s/i02k4gxeEpMAUkm/download?path=AU%20NBAC%20N193-191&files=N193-191_0306.jpg
1948-08-31,AU NBAC N193-191,191,307,M,1948,https://cloudstor.aarnet.edu.au/plus/s/i02k4gxeEpMAUkm/download?path=AU%20NBAC%20N193-191&files=N193-191_0307.jpg
1948-08-31,AU NBAC N193-191,191,308,M,1948,https://cloudstor.aarnet.edu.au/plus/s/i02k4gxeEpMAUkm/download?path=AU%20NBAC%20N193-191&files=N193-191_0308.jpg
1948-08-31,AU NBAC N193-191,191,309,M,1948,https://cloudstor.aarnet.edu.au/plus/s/i02k4gxeEpMAUkm/download?path=AU%20NBAC%20N193-191&files=N193-191_0309.jpg
1948-08-31,AU NBAC N193-191,191,310,A,1948,https://cloudstor.aarnet.edu.au/plus/s/i02k4gxeEpMAUkm/download?path=AU%20NBAC%20N193-191&files=N193-191_0310.jpg
1948-08-31,AU NBAC N193-191,191,311,A,1948,https://cloudstor.aarnet.edu.au/plus/s/i02k4gxeEpMAUkm/download?path=AU%20NBAC%20N193-191&files=N193-191_0311.jpg
1948-08-31,AU NBAC N193-191,191,312,A,1948,https://cloudstor.aarnet.edu.au/plus/s/i02k4gxeEpMAUkm/download?path=AU%20NBAC%20N193-191&files=N193-191_0312.jpg
1948-08-31,AU NBAC N193-191,191,313,A,1948,https://cloudstor.aarnet.edu.au/plus/s/i02k4gxeEpMAUkm/download?path=AU%20NBAC%20N193-191&files=N193-191_0313.jpg
1948-09-01,AU NBAC N193-191,191,314,M,1948,https://cloudstor.aarnet.edu.au/plus/s/i02k4gxeEpMAUkm/download?path=AU%20NBAC%20N193-191&files=N193-191_0314.jpg
1948-09-01,AU NBAC N193-191,191,315,M,1948,https://cloudstor.aarnet.edu.au/plus/s/i02k4gxeEpMAUkm/download?path=AU%20NBAC%20N193-191&files=N193-191_0315.jpg
1948-09-01,AU NBAC N193-191,191,316,M,1948,https://cloudstor.aarnet.edu.au/plus/s/i02k4gxeEpMAUkm/download?path=AU%20NBAC%20N193-191&files=N193-191_0316.jpg
1948-09-01,AU NBAC N193-191,191,317,M,1948,https://cloudstor.aarnet.edu.au/plus/s/i02k4gxeEpMAUkm/download?path=AU%20NBAC%20N193-191&files=N193-191_0317.jpg
1948-09-01,AU NBAC N193-191,191,318,A,1948,https://cloudstor.aarnet.edu.au/plus/s/i02k4gxeEpMAUkm/download?path=AU%20NBAC%20N193-191&files=N193-191_0318.jpg
1948-09-01,AU NBAC N193-191,191,319,A,1948,https://cloudstor.aarnet.edu.au/plus/s/i02k4gxeEpMAUkm/download?path=AU%20NBAC%20N193-191&files=N193-191_0319.jpg
1948-09-01,AU NBAC N193-191,191,320,A,1948,https://cloudstor.aarnet.edu.au/plus/s/i02k4gxeEpMAUkm/download?path=AU%20NBAC%20N193-191&files=N193-191_0320.jpg
1948-09-01,AU NBAC N193-191,191,321,A,1948,https://cloudstor.aarnet.edu.au/plus/s/i02k4gxeEpMAUkm/download?path=AU%20NBAC%20N193-191&files=N193-191_0321.jpg
1948-09-02,AU NBAC N193-191,191,322,M,1948,https://cloudstor.aarnet.edu.au/plus/s/i02k4gxeEpMAUkm/download?path=AU%20NBAC%20N193-191&files=N193-191_0322.jpg
1948-09-02,AU NBAC N193-191,191,323,M,1948,https://cloudstor.aarnet.edu.au/plus/s/i02k4gxeEpMAUkm/download?path=AU%20NBAC%20N193-191&files=N193-191_0323.jpg
1948-09-02,AU NBAC N193-191,191,324,M,1948,https://cloudstor.aarnet.edu.au/plus/s/i02k4gxeEpMAUkm/download?path=AU%20NBAC%20N193-191&files=N193-191_0324.jpg
1948-09-02,AU NBAC N193-191,191,325,M,1948,https://cloudstor.aarnet.edu.au/plus/s/i02k4gxeEpMAUkm/download?path=AU%20NBAC%20N193-191&files=N193-191_0325.jpg
1948-09-02,AU NBAC N193-191,191,326,A,1948,https://cloudstor.aarnet.edu.au/plus/s/i02k4gxeEpMAUkm/download?path=AU%20NBAC%20N193-191&files=N193-191_0326.jpg
1948-09-02,AU NBAC N193-191,191,327,A,1948,https://cloudstor.aarnet.edu.au/plus/s/i02k4gxeEpMAUkm/download?path=AU%20NBAC%20N193-191&files=N193-191_0327.jpg
1948-09-02,AU NBAC N193-191,191,328,A,1948,https://cloudstor.aarnet.edu.au/plus/s/i02k4gxeEpMAUkm/download?path=AU%20NBAC%20N193-191&files=N193-191_0328.jpg
1948-09-02,AU NBAC N193-191,191,329,A,1948,https://cloudstor.aarnet.edu.au/plus/s/i02k4gxeEpMAUkm/download?path=AU%20NBAC%20N193-191&files=N193-191_0329.jpg
1948-09-03,AU NBAC N193-191,191,330,M,1948,https://cloudstor.aarnet.edu.au/plus/s/i02k4gxeEpMAUkm/download?path=AU%20NBAC%20N193-191&files=N193-191_0330.jpg
1948-09-03,AU NBAC N193-191,191,331,M,1948,https://cloudstor.aarnet.edu.au/plus/s/i02k4gxeEpMAUkm/download?path=AU%20NBAC%20N193-191&files=N193-191_0331.jpg
1948-09-03,AU NBAC N193-191,191,332,M,1948,https://cloudstor.aarnet.edu.au/plus/s/i02k4gxeEpMAUkm/download?path=AU%20NBAC%20N193-191&files=N193-191_0332.jpg
1948-09-03,AU NBAC N193-191,191,333,M,1948,https://cloudstor.aarnet.edu.au/plus/s/i02k4gxeEpMAUkm/download?path=AU%20NBAC%20N193-191&files=N193-191_0333.jpg
1948-09-03,AU NBAC N193-191,191,334,A,1948,https://cloudstor.aarnet.edu.au/plus/s/i02k4gxeEpMAUkm/download?path=AU%20NBAC%20N193-191&files=N193-191_0334.jpg
1948-09-03,AU NBAC N193-191,191,335,A,1948,https://cloudstor.aarnet.edu.au/plus/s/i02k4gxeEpMAUkm/download?path=AU%20NBAC%20N193-191&files=N193-191_0335.jpg
1948-09-03,AU NBAC N193-191,191,336,A,1948,https://cloudstor.aarnet.edu.au/plus/s/i02k4gxeEpMAUkm/download?path=AU%20NBAC%20N193-191&files=N193-191_0336.jpg
1948-09-03,AU NBAC N193-191,191,337,A,1948,https://cloudstor.aarnet.edu.au/plus/s/i02k4gxeEpMAUkm/download?path=AU%20NBAC%20N193-191&files=N193-191_0337.jpg
1948-09-06,AU NBAC N193-191,191,338,M,1948,https://cloudstor.aarnet.edu.au/plus/s/i02k4gxeEpMAUkm/download?path=AU%20NBAC%20N193-191&files=N193-191_0338.jpg
1948-09-06,AU NBAC N193-191,191,339,M,1948,https://cloudstor.aarnet.edu.au/plus/s/i02k4gxeEpMAUkm/download?path=AU%20NBAC%20N193-191&files=N193-191_0339.jpg
1948-09-06,AU NBAC N193-191,191,340,M,1948,https://cloudstor.aarnet.edu.au/plus/s/i02k4gxeEpMAUkm/download?path=AU%20NBAC%20N193-191&files=N193-191_0340.jpg
1948-09-06,AU NBAC N193-191,191,341,M,1948,https://cloudstor.aarnet.edu.au/plus/s/i02k4gxeEpMAUkm/download?path=AU%20NBAC%20N193-191&files=N193-191_0341.jpg
1948-09-06,AU NBAC N193-191,191,342,A,1948,https://cloudstor.aarnet.edu.au/plus/s/i02k4gxeEpMAUkm/download?path=AU%20NBAC%20N193-191&files=N193-191_0342.jpg
1948-09-06,AU NBAC N193-191,191,343,A,1948,https://cloudstor.aarnet.edu.au/plus/s/i02k4gxeEpMAUkm/download?path=AU%20NBAC%20N193-191&files=N193-191_0343.jpg
1948-09-06,AU NBAC N193-191,191,344,A,1948,https://cloudstor.aarnet.edu.au/plus/s/i02k4gxeEpMAUkm/download?path=AU%20NBAC%20N193-191&files=N193-191_0344.jpg
1948-09-06,AU NBAC N193-191,191,345,A,1948,https://cloudstor.aarnet.edu.au/plus/s/i02k4gxeEpMAUkm/download?path=AU%20NBAC%20N193-191&files=N193-191_0345.jpg
1948-09-07,AU NBAC N193-191,191,346,M,1948,https://cloudstor.aarnet.edu.au/plus/s/i02k4gxeEpMAUkm/download?path=AU%20NBAC%20N193-191&files=N193-191_0346.jpg
1948-09-07,AU NBAC N193-191,191,347,M,1948,https://cloudstor.aarnet.edu.au/plus/s/i02k4gxeEpMAUkm/download?path=AU%20NBAC%20N193-191&files=N193-191_0347.jpg
1948-09-07,AU NBAC N193-191,191,348,M,1948,https://cloudstor.aarnet.edu.au/plus/s/i02k4gxeEpMAUkm/download?path=AU%20NBAC%20N193-191&files=N193-191_0348.jpg
1948-09-07,AU NBAC N193-191,191,349,M,1948,https://cloudstor.aarnet.edu.au/plus/s/i02k4gxeEpMAUkm/download?path=AU%20NBAC%20N193-191&files=N193-191_0349.jpg
1948-09-07,AU NBAC N193-191,191,350,A,1948,https://cloudstor.aarnet.edu.au/plus/s/i02k4gxeEpMAUkm/download?path=AU%20NBAC%20N193-191&files=N193-191_0350.jpg
1948-09-07,AU NBAC N193-191,191,351,A,1948,https://cloudstor.aarnet.edu.au/plus/s/i02k4gxeEpMAUkm/download?path=AU%20NBAC%20N193-191&files=N193-191_0351.jpg
1948-09-07,AU NBAC N193-191,191,352,A,1948,https://cloudstor.aarnet.edu.au/plus/s/i02k4gxeEpMAUkm/download?path=AU%20NBAC%20N193-191&files=N193-191_0352.jpg
1948-09-07,AU NBAC N193-191,191,353,A,1948,https://cloudstor.aarnet.edu.au/plus/s/i02k4gxeEpMAUkm/download?path=AU%20NBAC%20N193-191&files=N193-191_0353.jpg
1948-09-08,AU NBAC N193-191,191,354,M,1948,https://cloudstor.aarnet.edu.au/plus/s/i02k4gxeEpMAUkm/download?path=AU%20NBAC%20N193-191&files=N193-191_0354.jpg
1948-09-08,AU NBAC N193-191,191,355,M,1948,https://cloudstor.aarnet.edu.au/plus/s/i02k4gxeEpMAUkm/download?path=AU%20NBAC%20N193-191&files=N193-191_0355.jpg
1948-09-08,AU NBAC N193-191,191,356,M,1948,https://cloudstor.aarnet.edu.au/plus/s/i02k4gxeEpMAUkm/download?path=AU%20NBAC%20N193-191&files=N193-191_0356.jpg
1948-09-08,AU NBAC N193-191,191,357,M,1948,https://cloudstor.aarnet.edu.au/plus/s/i02k4gxeEpMAUkm/download?path=AU%20NBAC%20N193-191&files=N193-191_0357.jpg
1948-09-08,AU NBAC N193-191,191,358,A,1948,https://cloudstor.aarnet.edu.au/plus/s/i02k4gxeEpMAUkm/download?path=AU%20NBAC%20N193-191&files=N193-191_0358.jpg
1948-09-08,AU NBAC N193-191,191,359,A,1948,https://cloudstor.aarnet.edu.au/plus/s/i02k4gxeEpMAUkm/download?path=AU%20NBAC%20N193-191&files=N193-191_0359.jpg
1948-09-08,AU NBAC N193-191,191,360,A,1948,https://cloudstor.aarnet.edu.au/plus/s/i02k4gxeEpMAUkm/download?path=AU%20NBAC%20N193-191&files=N193-191_0360.jpg
1948-09-08,AU NBAC N193-191,191,361,A,1948,https://cloudstor.aarnet.edu.au/plus/s/i02k4gxeEpMAUkm/download?path=AU%20NBAC%20N193-191&files=N193-191_0361.jpg
1948-09-09,AU NBAC N193-191,191,362,M,1948,https://cloudstor.aarnet.edu.au/plus/s/i02k4gxeEpMAUkm/download?path=AU%20NBAC%20N193-191&files=N193-191_0362.jpg
1948-09-09,AU NBAC N193-191,191,363,M,1948,https://cloudstor.aarnet.edu.au/plus/s/i02k4gxeEpMAUkm/download?path=AU%20NBAC%20N193-191&files=N193-191_0363.jpg
1948-09-09,AU NBAC N193-191,191,364,M,1948,https://cloudstor.aarnet.edu.au/plus/s/i02k4gxeEpMAUkm/download?path=AU%20NBAC%20N193-191&files=N193-191_0364.jpg
1948-09-09,AU NBAC N193-191,191,365,M,1948,https://cloudstor.aarnet.edu.au/plus/s/i02k4gxeEpMAUkm/download?path=AU%20NBAC%20N193-191&files=N193-191_0365.jpg
1948-09-09,AU NBAC N193-191,191,366,A,1948,https://cloudstor.aarnet.edu.au/plus/s/i02k4gxeEpMAUkm/download?path=AU%20NBAC%20N193-191&files=N193-191_0366.jpg
1948-09-09,AU NBAC N193-191,191,367,A,1948,https://cloudstor.aarnet.edu.au/plus/s/i02k4gxeEpMAUkm/download?path=AU%20NBAC%20N193-191&files=N193-191_0367.jpg
1948-09-09,AU NBAC N193-191,191,368,A,1948,https://cloudstor.aarnet.edu.au/plus/s/i02k4gxeEpMAUkm/download?path=AU%20NBAC%20N193-191&files=N193-191_0368.jpg
1948-09-09,AU NBAC N193-191,191,369,A,1948,https://cloudstor.aarnet.edu.au/plus/s/i02k4gxeEpMAUkm/download?path=AU%20NBAC%20N193-191&files=N193-191_0369.jpg
1948-09-10,AU NBAC N193-191,191,370,M,1948,https://cloudstor.aarnet.edu.au/plus/s/i02k4gxeEpMAUkm/download?path=AU%20NBAC%20N193-191&files=N193-191_0370.jpg
1948-09-10,AU NBAC N193-191,191,371,M,1948,https://cloudstor.aarnet.edu.au/plus/s/i02k4gxeEpMAUkm/download?path=AU%20NBAC%20N193-191&files=N193-191_0371.jpg
1948-09-10,AU NBAC N193-191,191,372,M,1948,https://cloudstor.aarnet.edu.au/plus/s/i02k4gxeEpMAUkm/download?path=AU%20NBAC%20N193-191&files=N193-191_0372.jpg
1948-09-10,AU NBAC N193-191,191,373,M,1948,https://cloudstor.aarnet.edu.au/plus/s/i02k4gxeEpMAUkm/download?path=AU%20NBAC%20N193-191&files=N193-191_0373.jpg
1948-09-10,AU NBAC N193-191,191,374,A,1948,https://cloudstor.aarnet.edu.au/plus/s/i02k4gxeEpMAUkm/download?path=AU%20NBAC%20N193-191&files=N193-191_0374.jpg
1948-09-10,AU NBAC N193-191,191,375,A,1948,https://cloudstor.aarnet.edu.au/plus/s/i02k4gxeEpMAUkm/download?path=AU%20NBAC%20N193-191&files=N193-191_0375.jpg
1948-09-10,AU NBAC N193-191,191,376,A,1948,https://cloudstor.aarnet.edu.au/plus/s/i02k4gxeEpMAUkm/download?path=AU%20NBAC%20N193-191&files=N193-191_0376.jpg
1948-09-10,AU NBAC N193-191,191,377,A,1948,https://cloudstor.aarnet.edu.au/plus/s/i02k4gxeEpMAUkm/download?path=AU%20NBAC%20N193-191&files=N193-191_0377.jpg
1948-09-13,AU NBAC N193-191,191,378,M,1948,https://cloudstor.aarnet.edu.au/plus/s/i02k4gxeEpMAUkm/download?path=AU%20NBAC%20N193-191&files=N193-191_0378.jpg
1948-09-13,AU NBAC N193-191,191,379,M,1948,https://cloudstor.aarnet.edu.au/plus/s/i02k4gxeEpMAUkm/download?path=AU%20NBAC%20N193-191&files=N193-191_0379.jpg
1948-09-13,AU NBAC N193-191,191,380,M,1948,https://cloudstor.aarnet.edu.au/plus/s/i02k4gxeEpMAUkm/download?path=AU%20NBAC%20N193-191&files=N193-191_0380.jpg
1948-09-13,AU NBAC N193-191,191,381,M,1948,https://cloudstor.aarnet.edu.au/plus/s/i02k4gxeEpMAUkm/download?path=AU%20NBAC%20N193-191&files=N193-191_0381.jpg
1948-09-13,AU NBAC N193-191,191,382,A,1948,https://cloudstor.aarnet.edu.au/plus/s/i02k4gxeEpMAUkm/download?path=AU%20NBAC%20N193-191&files=N193-191_0382.jpg
1948-09-13,AU NBAC N193-191,191,383,A,1948,https://cloudstor.aarnet.edu.au/plus/s/i02k4gxeEpMAUkm/download?path=AU%20NBAC%20N193-191&files=N193-191_0383.jpg
1948-09-13,AU NBAC N193-191,191,384,A,1948,https://cloudstor.aarnet.edu.au/plus/s/i02k4gxeEpMAUkm/download?path=AU%20NBAC%20N193-191&files=N193-191_0384.jpg
1948-09-13,AU NBAC N193-191,191,385,A,1948,https://cloudstor.aarnet.edu.au/plus/s/i02k4gxeEpMAUkm/download?path=AU%20NBAC%20N193-191&files=N193-191_0385.jpg
1948-09-14,AU NBAC N193-191,191,386,M,1948,https://cloudstor.aarnet.edu.au/plus/s/i02k4gxeEpMAUkm/download?path=AU%20NBAC%20N193-191&files=N193-191_0386.jpg
1948-09-14,AU NBAC N193-191,191,387,M,1948,https://cloudstor.aarnet.edu.au/plus/s/i02k4gxeEpMAUkm/download?path=AU%20NBAC%20N193-191&files=N193-191_0387.jpg
1948-09-14,AU NBAC N193-191,191,388,M,1948,https://cloudstor.aarnet.edu.au/plus/s/i02k4gxeEpMAUkm/download?path=AU%20NBAC%20N193-191&files=N193-191_0388.jpg
1948-09-14,AU NBAC N193-191,191,389,M,1948,https://cloudstor.aarnet.edu.au/plus/s/i02k4gxeEpMAUkm/download?path=AU%20NBAC%20N193-191&files=N193-191_0389.jpg
1948-09-14,AU NBAC N193-191,191,390,A,1948,https://cloudstor.aarnet.edu.au/plus/s/i02k4gxeEpMAUkm/download?path=AU%20NBAC%20N193-191&files=N193-191_0390.jpg
1948-09-14,AU NBAC N193-191,191,391,A,1948,https://cloudstor.aarnet.edu.au/plus/s/i02k4gxeEpMAUkm/download?path=AU%20NBAC%20N193-191&files=N193-191_0391.jpg
1948-09-14,AU NBAC N193-191,191,392,A,1948,https://cloudstor.aarnet.edu.au/plus/s/i02k4gxeEpMAUkm/download?path=AU%20NBAC%20N193-191&files=N193-191_0392.jpg
1948-09-14,AU NBAC N193-191,191,393,A,1948,https://cloudstor.aarnet.edu.au/plus/s/i02k4gxeEpMAUkm/download?path=AU%20NBAC%20N193-191&files=N193-191_0393.jpg
1948-09-15,AU NBAC N193-191,191,394,M,1948,https://cloudstor.aarnet.edu.au/plus/s/i02k4gxeEpMAUkm/download?path=AU%20NBAC%20N193-191&files=N193-191_0394.jpg
1948-09-15,AU NBAC N193-191,191,395,M,1948,https://cloudstor.aarnet.edu.au/plus/s/i02k4gxeEpMAUkm/download?path=AU%20NBAC%20N193-191&files=N193-191_0395.jpg
1948-09-15,AU NBAC N193-191,191,396,M,1948,https://cloudstor.aarnet.edu.au/plus/s/i02k4gxeEpMAUkm/download?path=AU%20NBAC%20N193-191&files=N193-191_0396.jpg
1948-09-15,AU NBAC N193-191,191,397,M,1948,https://cloudstor.aarnet.edu.au/plus/s/i02k4gxeEpMAUkm/download?path=AU%20NBAC%20N193-191&files=N193-191_0397.jpg
1948-09-15,AU NBAC N193-191,191,398,A,1948,https://cloudstor.aarnet.edu.au/plus/s/i02k4gxeEpMAUkm/download?path=AU%20NBAC%20N193-191&files=N193-191_0398.jpg
1948-09-15,AU NBAC N193-191,191,399,A,1948,https://cloudstor.aarnet.edu.au/plus/s/i02k4gxeEpMAUkm/download?path=AU%20NBAC%20N193-191&files=N193-191_0399.jpg
1948-09-15,AU NBAC N193-191,191,400,A,1948,https://cloudstor.aarnet.edu.au/plus/s/i02k4gxeEpMAUkm/download?path=AU%20NBAC%20N193-191&files=N193-191_0400.jpg
1948-09-15,AU NBAC N193-191,191,401,A,1948,https://cloudstor.aarnet.edu.au/plus/s/i02k4gxeEpMAUkm/download?path=AU%20NBAC%20N193-191&files=N193-191_0401.jpg
1948-09-16,AU NBAC N193-191,191,402,M,1948,https://cloudstor.aarnet.edu.au/plus/s/i02k4gxeEpMAUkm/download?path=AU%20NBAC%20N193-191&files=N193-191_0402.jpg
1948-09-16,AU NBAC N193-191,191,403,M,1948,https://cloudstor.aarnet.edu.au/plus/s/i02k4gxeEpMAUkm/download?path=AU%20NBAC%20N193-191&files=N193-191_0403.jpg
1948-09-16,AU NBAC N193-191,191,404,M,1948,https://cloudstor.aarnet.edu.au/plus/s/i02k4gxeEpMAUkm/download?path=AU%20NBAC%20N193-191&files=N193-191_0404.jpg
1948-09-16,AU NBAC N193-191,191,405,M,1948,https://cloudstor.aarnet.edu.au/plus/s/i02k4gxeEpMAUkm/download?path=AU%20NBAC%20N193-191&files=N193-191_0405.jpg
1948-09-16,AU NBAC N193-191,191,406,A,1948,https://cloudstor.aarnet.edu.au/plus/s/i02k4gxeEpMAUkm/download?path=AU%20NBAC%20N193-191&files=N193-191_0406.jpg
1948-09-16,AU NBAC N193-191,191,407,A,1948,https://cloudstor.aarnet.edu.au/plus/s/i02k4gxeEpMAUkm/download?path=AU%20NBAC%20N193-191&files=N193-191_0407.jpg
1948-09-16,AU NBAC N193-191,191,408,A,1948,https://cloudstor.aarnet.edu.au/plus/s/i02k4gxeEpMAUkm/download?path=AU%20NBAC%20N193-191&files=N193-191_0408.jpg
1948-09-16,AU NBAC N193-191,191,409,A,1948,https://cloudstor.aarnet.edu.au/plus/s/i02k4gxeEpMAUkm/download?path=AU%20NBAC%20N193-191&files=N193-191_0409.jpg
1948-09-17,AU NBAC N193-191,191,410,M,1948,https://cloudstor.aarnet.edu.au/plus/s/i02k4gxeEpMAUkm/download?path=AU%20NBAC%20N193-191&files=N193-191_0410.jpg
1948-09-17,AU NBAC N193-191,191,411,M,1948,https://cloudstor.aarnet.edu.au/plus/s/i02k4gxeEpMAUkm/download?path=AU%20NBAC%20N193-191&files=N193-191_0411.jpg
1948-09-17,AU NBAC N193-191,191,412,M,1948,https://cloudstor.aarnet.edu.au/plus/s/i02k4gxeEpMAUkm/download?path=AU%20NBAC%20N193-191&files=N193-191_0412.jpg
1948-09-17,AU NBAC N193-191,191,413,M,1948,https://cloudstor.aarnet.edu.au/plus/s/i02k4gxeEpMAUkm/download?path=AU%20NBAC%20N193-191&files=N193-191_0413.jpg
1948-09-17,AU NBAC N193-191,191,414,A,1948,https://cloudstor.aarnet.edu.au/plus/s/i02k4gxeEpMAUkm/download?path=AU%20NBAC%20N193-191&files=N193-191_0414.jpg
1948-09-17,AU NBAC N193-191,191,415,A,1948,https://cloudstor.aarnet.edu.au/plus/s/i02k4gxeEpMAUkm/download?path=AU%20NBAC%20N193-191&files=N193-191_0415.jpg
1948-09-17,AU NBAC N193-191,191,416,A,1948,https://cloudstor.aarnet.edu.au/plus/s/i02k4gxeEpMAUkm/download?path=AU%20NBAC%20N193-191&files=N193-191_0416.jpg
1948-09-17,AU NBAC N193-191,191,417,A,1948,https://cloudstor.aarnet.edu.au/plus/s/i02k4gxeEpMAUkm/download?path=AU%20NBAC%20N193-191&files=N193-191_0417.jpg
1948-09-20,AU NBAC N193-191,191,418,M,1948,https://cloudstor.aarnet.edu.au/plus/s/i02k4gxeEpMAUkm/download?path=AU%20NBAC%20N193-191&files=N193-191_0418.jpg
1948-09-20,AU NBAC N193-191,191,419,M,1948,https://cloudstor.aarnet.edu.au/plus/s/i02k4gxeEpMAUkm/download?path=AU%20NBAC%20N193-191&files=N193-191_0419.jpg
1948-09-20,AU NBAC N193-191,191,420,M,1948,https://cloudstor.aarnet.edu.au/plus/s/i02k4gxeEpMAUkm/download?path=AU%20NBAC%20N193-191&files=N193-191_0420.jpg
1948-09-20,AU NBAC N193-191,191,421,M,1948,https://cloudstor.aarnet.edu.au/plus/s/i02k4gxeEpMAUkm/download?path=AU%20NBAC%20N193-191&files=N193-191_0421.jpg
1948-09-20,AU NBAC N193-191,191,422,A,1948,https://cloudstor.aarnet.edu.au/plus/s/i02k4gxeEpMAUkm/download?path=AU%20NBAC%20N193-191&files=N193-191_0422.jpg
1948-09-20,AU NBAC N193-191,191,423,A,1948,https://cloudstor.aarnet.edu.au/plus/s/i02k4gxeEpMAUkm/download?path=AU%20NBAC%20N193-191&files=N193-191_0423.jpg
1948-09-20,AU NBAC N193-191,191,424,A,1948,https://cloudstor.aarnet.edu.au/plus/s/i02k4gxeEpMAUkm/download?path=AU%20NBAC%20N193-191&files=N193-191_0424.jpg
1948-09-20,AU NBAC N193-191,191,425,A,1948,https://cloudstor.aarnet.edu.au/plus/s/i02k4gxeEpMAUkm/download?path=AU%20NBAC%20N193-191&files=N193-191_0425.jpg
1948-09-21,AU NBAC N193-191,191,426,M,1948,https://cloudstor.aarnet.edu.au/plus/s/i02k4gxeEpMAUkm/download?path=AU%20NBAC%20N193-191&files=N193-191_0426.jpg
1948-09-21,AU NBAC N193-191,191,427,M,1948,https://cloudstor.aarnet.edu.au/plus/s/i02k4gxeEpMAUkm/download?path=AU%20NBAC%20N193-191&files=N193-191_0427.jpg
1948-09-21,AU NBAC N193-191,191,428,M,1948,https://cloudstor.aarnet.edu.au/plus/s/i02k4gxeEpMAUkm/download?path=AU%20NBAC%20N193-191&files=N193-191_0428.jpg
1948-09-21,AU NBAC N193-191,191,429,M,1948,https://cloudstor.aarnet.edu.au/plus/s/i02k4gxeEpMAUkm/download?path=AU%20NBAC%20N193-191&files=N193-191_0429.jpg
1948-09-21,AU NBAC N193-191,191,430,A,1948,https://cloudstor.aarnet.edu.au/plus/s/i02k4gxeEpMAUkm/download?path=AU%20NBAC%20N193-191&files=N193-191_0430.jpg
1948-09-21,AU NBAC N193-191,191,431,A,1948,https://cloudstor.aarnet.edu.au/plus/s/i02k4gxeEpMAUkm/download?path=AU%20NBAC%20N193-191&files=N193-191_0431.jpg
1948-09-21,AU NBAC N193-191,191,432,A,1948,https://cloudstor.aarnet.edu.au/plus/s/i02k4gxeEpMAUkm/download?path=AU%20NBAC%20N193-191&files=N193-191_0432.jpg
1948-09-21,AU NBAC N193-191,191,433,A,1948,https://cloudstor.aarnet.edu.au/plus/s/i02k4gxeEpMAUkm/download?path=AU%20NBAC%20N193-191&files=N193-191_0433.jpg
1948-09-22,AU NBAC N193-191,191,434,M,1948,https://cloudstor.aarnet.edu.au/plus/s/i02k4gxeEpMAUkm/download?path=AU%20NBAC%20N193-191&files=N193-191_0434.jpg
1948-09-22,AU NBAC N193-191,191,435,M,1948,https://cloudstor.aarnet.edu.au/plus/s/i02k4gxeEpMAUkm/download?path=AU%20NBAC%20N193-191&files=N193-191_0435.jpg
1948-09-22,AU NBAC N193-191,191,436,M,1948,https://cloudstor.aarnet.edu.au/plus/s/i02k4gxeEpMAUkm/download?path=AU%20NBAC%20N193-191&files=N193-191_0436.jpg
1948-09-22,AU NBAC N193-191,191,437,M,1948,https://cloudstor.aarnet.edu.au/plus/s/i02k4gxeEpMAUkm/download?path=AU%20NBAC%20N193-191&files=N193-191_0437.jpg
1948-09-22,AU NBAC N193-191,191,438,A,1948,https://cloudstor.aarnet.edu.au/plus/s/i02k4gxeEpMAUkm/download?path=AU%20NBAC%20N193-191&files=N193-191_0438.jpg
1948-09-22,AU NBAC N193-191,191,439,A,1948,https://cloudstor.aarnet.edu.au/plus/s/i02k4gxeEpMAUkm/download?path=AU%20NBAC%20N193-191&files=N193-191_0439.jpg
1948-09-22,AU NBAC N193-191,191,440,A,1948,https://cloudstor.aarnet.edu.au/plus/s/i02k4gxeEpMAUkm/download?path=AU%20NBAC%20N193-191&files=N193-191_0440.jpg
1948-09-22,AU NBAC N193-191,191,441,A,1948,https://cloudstor.aarnet.edu.au/plus/s/i02k4gxeEpMAUkm/download?path=AU%20NBAC%20N193-191&files=N193-191_0441.jpg
1948-09-23,AU NBAC N193-191,191,442,M,1948,https://cloudstor.aarnet.edu.au/plus/s/i02k4gxeEpMAUkm/download?path=AU%20NBAC%20N193-191&files=N193-191_0442.jpg
1948-09-23,AU NBAC N193-191,191,443,M,1948,https://cloudstor.aarnet.edu.au/plus/s/i02k4gxeEpMAUkm/download?path=AU%20NBAC%20N193-191&files=N193-191_0443.jpg
1948-09-23,AU NBAC N193-191,191,444,M,1948,https://cloudstor.aarnet.edu.au/plus/s/i02k4gxeEpMAUkm/download?path=AU%20NBAC%20N193-191&files=N193-191_0444.jpg
1948-09-23,AU NBAC N193-191,191,445,M,1948,https://cloudstor.aarnet.edu.au/plus/s/i02k4gxeEpMAUkm/download?path=AU%20NBAC%20N193-191&files=N193-191_0445.jpg
1948-09-23,AU NBAC N193-191,191,446,A,1948,https://cloudstor.aarnet.edu.au/plus/s/i02k4gxeEpMAUkm/download?path=AU%20NBAC%20N193-191&files=N193-191_0446.jpg
1948-09-23,AU NBAC N193-191,191,447,A,1948,https://cloudstor.aarnet.edu.au/plus/s/i02k4gxeEpMAUkm/download?path=AU%20NBAC%20N193-191&files=N193-191_0447.jpg
1948-09-23,AU NBAC N193-191,191,448,A,1948,https://cloudstor.aarnet.edu.au/plus/s/i02k4gxeEpMAUkm/download?path=AU%20NBAC%20N193-191&files=N193-191_0448.jpg
1948-09-23,AU NBAC N193-191,191,449,A,1948,https://cloudstor.aarnet.edu.au/plus/s/i02k4gxeEpMAUkm/download?path=AU%20NBAC%20N193-191&files=N193-191_0449.jpg
1948-09-24,AU NBAC N193-191,191,450,M,1948,https://cloudstor.aarnet.edu.au/plus/s/i02k4gxeEpMAUkm/download?path=AU%20NBAC%20N193-191&files=N193-191_0450.jpg
1948-09-24,AU NBAC N193-191,191,451,M,1948,https://cloudstor.aarnet.edu.au/plus/s/i02k4gxeEpMAUkm/download?path=AU%20NBAC%20N193-191&files=N193-191_0451.jpg
1948-09-24,AU NBAC N193-191,191,452,M,1948,https://cloudstor.aarnet.edu.au/plus/s/i02k4gxeEpMAUkm/download?path=AU%20NBAC%20N193-191&files=N193-191_0452.jpg
1948-09-24,AU NBAC N193-191,191,453,M,1948,https://cloudstor.aarnet.edu.au/plus/s/i02k4gxeEpMAUkm/download?path=AU%20NBAC%20N193-191&files=N193-191_0453.jpg
1948-09-24,AU NBAC N193-191,191,454,A,1948,https://cloudstor.aarnet.edu.au/plus/s/i02k4gxeEpMAUkm/download?path=AU%20NBAC%20N193-191&files=N193-191_0454.jpg
1948-09-24,AU NBAC N193-191,191,455,A,1948,https://cloudstor.aarnet.edu.au/plus/s/i02k4gxeEpMAUkm/download?path=AU%20NBAC%20N193-191&files=N193-191_0455.jpg
1948-09-24,AU NBAC N193-191,191,456,A,1948,https://cloudstor.aarnet.edu.au/plus/s/i02k4gxeEpMAUkm/download?path=AU%20NBAC%20N193-191&files=N193-191_0456.jpg
1948-09-24,AU NBAC N193-191,191,457,A,1948,https://cloudstor.aarnet.edu.au/plus/s/i02k4gxeEpMAUkm/download?path=AU%20NBAC%20N193-191&files=N193-191_0457.jpg
1948-09-27,AU NBAC N193-191,191,458,M,1948,https://cloudstor.aarnet.edu.au/plus/s/i02k4gxeEpMAUkm/download?path=AU%20NBAC%20N193-191&files=N193-191_0458.jpg
1948-09-27,AU NBAC N193-191,191,459,M,1948,https://cloudstor.aarnet.edu.au/plus/s/i02k4gxeEpMAUkm/download?path=AU%20NBAC%20N193-191&files=N193-191_0459.jpg
1948-09-27,AU NBAC N193-191,191,460,M,1948,https://cloudstor.aarnet.edu.au/plus/s/i02k4gxeEpMAUkm/download?path=AU%20NBAC%20N193-191&files=N193-191_0460.jpg
1948-09-27,AU NBAC N193-191,191,461,M,1948,https://cloudstor.aarnet.edu.au/plus/s/i02k4gxeEpMAUkm/download?path=AU%20NBAC%20N193-191&files=N193-191_0461.jpg
1948-09-27,AU NBAC N193-191,191,462,A,1948,https://cloudstor.aarnet.edu.au/plus/s/i02k4gxeEpMAUkm/download?path=AU%20NBAC%20N193-191&files=N193-191_0462.jpg
1948-09-27,AU NBAC N193-191,191,463,A,1948,https://cloudstor.aarnet.edu.au/plus/s/i02k4gxeEpMAUkm/download?path=AU%20NBAC%20N193-191&files=N193-191_0463.jpg
1948-09-27,AU NBAC N193-191,191,464,A,1948,https://cloudstor.aarnet.edu.au/plus/s/i02k4gxeEpMAUkm/download?path=AU%20NBAC%20N193-191&files=N193-191_0464.jpg
1948-09-27,AU NBAC N193-191,191,465,A,1948,https://cloudstor.aarnet.edu.au/plus/s/i02k4gxeEpMAUkm/download?path=AU%20NBAC%20N193-191&files=N193-191_0465.jpg
1948-09-28,AU NBAC N193-191,191,466,M,1948,https://cloudstor.aarnet.edu.au/plus/s/i02k4gxeEpMAUkm/download?path=AU%20NBAC%20N193-191&files=N193-191_0466.jpg
1948-09-28,AU NBAC N193-191,191,467,M,1948,https://cloudstor.aarnet.edu.au/plus/s/i02k4gxeEpMAUkm/download?path=AU%20NBAC%20N193-191&files=N193-191_0467.jpg
1948-09-28,AU NBAC N193-191,191,468,M,1948,https://cloudstor.aarnet.edu.au/plus/s/i02k4gxeEpMAUkm/download?path=AU%20NBAC%20N193-191&files=N193-191_0468.jpg
1948-09-28,AU NBAC N193-191,191,469,M,1948,https://cloudstor.aarnet.edu.au/plus/s/i02k4gxeEpMAUkm/download?path=AU%20NBAC%20N193-191&files=N193-191_0469.jpg
1948-09-28,AU NBAC N193-191,191,470,A,1948,https://cloudstor.aarnet.edu.au/plus/s/i02k4gxeEpMAUkm/download?path=AU%20NBAC%20N193-191&files=N193-191_0470.jpg
1948-09-28,AU NBAC N193-191,191,471,A,1948,https://cloudstor.aarnet.edu.au/plus/s/i02k4gxeEpMAUkm/download?path=AU%20NBAC%20N193-191&files=N193-191_0471.jpg
1948-09-28,AU NBAC N193-191,191,472,A,1948,https://cloudstor.aarnet.edu.au/plus/s/i02k4gxeEpMAUkm/download?path=AU%20NBAC%20N193-191&files=N193-191_0472.jpg
1948-09-28,AU NBAC N193-191,191,473,A,1948,https://cloudstor.aarnet.edu.au/plus/s/i02k4gxeEpMAUkm/download?path=AU%20NBAC%20N193-191&files=N193-191_0473.jpg
1948-09-29,AU NBAC N193-191,191,474,M,1948,https://cloudstor.aarnet.edu.au/plus/s/i02k4gxeEpMAUkm/download?path=AU%20NBAC%20N193-191&files=N193-191_0474.jpg
1948-09-29,AU NBAC N193-191,191,475,M,1948,https://cloudstor.aarnet.edu.au/plus/s/i02k4gxeEpMAUkm/download?path=AU%20NBAC%20N193-191&files=N193-191_0475.jpg
1948-09-29,AU NBAC N193-191,191,476,M,1948,https://cloudstor.aarnet.edu.au/plus/s/i02k4gxeEpMAUkm/download?path=AU%20NBAC%20N193-191&files=N193-191_0476.jpg
1948-09-29,AU NBAC N193-191,191,477,M,1948,https://cloudstor.aarnet.edu.au/plus/s/i02k4gxeEpMAUkm/download?path=AU%20NBAC%20N193-191&files=N193-191_0477.jpg
1948-09-29,AU NBAC N193-191,191,478,A,1948,https://cloudstor.aarnet.edu.au/plus/s/i02k4gxeEpMAUkm/download?path=AU%20NBAC%20N193-191&files=N193-191_0478.jpg
1948-09-29,AU NBAC N193-191,191,479,A,1948,https://cloudstor.aarnet.edu.au/plus/s/i02k4gxeEpMAUkm/download?path=AU%20NBAC%20N193-191&files=N193-191_0479.jpg
1948-09-29,AU NBAC N193-191,191,480,A,1948,https://cloudstor.aarnet.edu.au/plus/s/i02k4gxeEpMAUkm/download?path=AU%20NBAC%20N193-191&files=N193-191_0480.jpg
1948-09-29,AU NBAC N193-191,191,481,A,1948,https://cloudstor.aarnet.edu.au/plus/s/i02k4gxeEpMAUkm/download?path=AU%20NBAC%20N193-191&files=N193-191_0481.jpg
1948-09-30,AU NBAC N193-191,191,482,M,1948,https://cloudstor.aarnet.edu.au/plus/s/i02k4gxeEpMAUkm/download?path=AU%20NBAC%20N193-191&files=N193-191_0482.jpg
1948-09-30,AU NBAC N193-191,191,483,M,1948,https://cloudstor.aarnet.edu.au/plus/s/i02k4gxeEpMAUkm/download?path=AU%20NBAC%20N193-191&files=N193-191_0483.jpg
1948-09-30,AU NBAC N193-191,191,484,M,1948,https://cloudstor.aarnet.edu.au/plus/s/i02k4gxeEpMAUkm/download?path=AU%20NBAC%20N193-191&files=N193-191_0484.jpg
1948-09-30,AU NBAC N193-191,191,485,M,1948,https://cloudstor.aarnet.edu.au/plus/s/i02k4gxeEpMAUkm/download?path=AU%20NBAC%20N193-191&files=N193-191_0485.jpg
1948-09-30,AU NBAC N193-191,191,486,A,1948,https://cloudstor.aarnet.edu.au/plus/s/i02k4gxeEpMAUkm/download?path=AU%20NBAC%20N193-191&files=N193-191_0486.jpg
1948-09-30,AU NBAC N193-191,191,487,A,1948,https://cloudstor.aarnet.edu.au/plus/s/i02k4gxeEpMAUkm/download?path=AU%20NBAC%20N193-191&files=N193-191_0487.jpg
1948-09-30,AU NBAC N193-191,191,488,A,1948,https://cloudstor.aarnet.edu.au/plus/s/i02k4gxeEpMAUkm/download?path=AU%20NBAC%20N193-191&files=N193-191_0488.jpg
1948-09-30,AU NBAC N193-191,191,489,A,1948,https://cloudstor.aarnet.edu.au/plus/s/i02k4gxeEpMAUkm/download?path=AU%20NBAC%20N193-191&files=N193-191_0489.jpg
